time=2026-04-10T10:56:52.834+10:00 level=INFO msg="checking for pulumi" path="/Users/michaelcuneo/Library/Application Support/sst/bin/pulumi"
time=2026-04-10T10:56:53.854+10:00 level=INFO msg="pulumi install"
time=2026-04-10T10:56:53.854+10:00 level=INFO msg="pulumi downloading" url=https://github.com/pulumi/pulumi/releases/download/v3.215.0/pulumi-v3.215.0-darwin-arm64.tar.gz
time=2026-04-10T10:56:59.781+10:00 level=INFO msg="checking for bun" path="/Users/michaelcuneo/Library/Application Support/sst/bin/bun"
time=2026-04-10T10:56:59.789+10:00 level=INFO msg="initializing project" version=4.7.0
time=2026-04-10T10:56:59.790+10:00 level=INFO msg="esbuild building" out=/Users/michaelcuneo/Desktop/markdown-editor/.sst/platform/sst.config.1775782619790.mjs
time=2026-04-10T10:56:59.794+10:00 level=INFO msg="esbuild built" outfile=/Users/michaelcuneo/Desktop/markdown-editor/.sst/platform/sst.config.1775782619790.mjs
time=2026-04-10T10:56:59.794+10:00 level=INFO msg="evaluating config"
time=2026-04-10T10:56:59.824+10:00 level=INFO msg="config evaluated"
time=2026-04-10T10:56:59.825+10:00 level=INFO msg="checking platform"
time=2026-04-10T10:56:59.825+10:00 level=INFO msg="installing platform"
time=2026-04-10T10:57:02.709+10:00 level=INFO msg="installing deps"
time=2026-04-10T10:57:02.710+10:00 level=INFO msg="getting package" name=@sst-provider/aws version=latest
time=2026-04-10T10:57:03.045+10:00 level=INFO msg="getting package" name=@pulumi/aws version=latest
time=2026-04-10T10:57:03.647+10:00 level=INFO msg="writing package.json"
time=2026-04-10T10:57:03.647+10:00 level=INFO msg="adding dependency" name=aws
time=2026-04-10T10:57:03.647+10:00 level=INFO msg="fetching deps"
time=2026-04-10T10:57:06.504+10:00 level=INFO msg="writing types"
time=2026-04-10T10:57:06.505+10:00 level=INFO msg="loading home"
time=2026-04-10T10:57:06.505+10:00 level=INFO msg="aws credentials found" region=ap-southeast-2 profile=default
time=2026-04-10T10:57:06.506+10:00 level=INFO msg="fetching bootstrap"
time=2026-04-10T10:57:06.710+10:00 level=INFO msg="found existing bootstrap" data="{\"version\":5,\"asset\":\"sst-asset-khcxzaurubuc\",\"assetEcrRegistryId\":\"481588845003\",\"assetEcrUrl\":\"481588845003.dkr.ecr.ap-southeast-2.amazonaws.com/sst-asset\",\"state\":\"sst-state-khcxzaurubuc\",\"appsyncHttp\":\"\",\"appsyncRealtime\":\"\"}"
time=2026-04-10T10:57:06.710+10:00 level=INFO msg="loaded config" app=markdown-editor stage=michael
time=2026-04-10T10:57:06.710+10:00 level=INFO msg=mosaic project=/Users/michaelcuneo/Desktop/markdown-editor
time=2026-04-10T10:57:06.710+10:00 level=INFO msg="starting watcher" service=watcher root=/Users/michaelcuneo/Desktop/markdown-editor
time=2026-04-10T10:57:06.711+10:00 level=INFO msg="server port assigned" port=13557
time=2026-04-10T10:57:06.711+10:00 level=INFO msg=starting service=server
time=2026-04-10T10:57:06.711+10:00 level=INFO msg=starting service=dev
time=2026-04-10T10:57:06.711+10:00 level=INFO msg="getting endpoint"
time=2026-04-10T10:57:06.711+10:00 level=INFO msg=starting service=deployer
time=2026-04-10T10:57:06.712+10:00 level=INFO msg="waiting for trigger" service=deployer
time=2026-04-10T10:57:06.712+10:00 level=INFO msg=server service=server addr=0.0.0.0:13557
time=2026-04-10T10:57:06.712+10:00 level=INFO msg=watching service=watcher path=/Users/michaelcuneo/Desktop/markdown-editor
time=2026-04-10T10:57:06.713+10:00 level=INFO msg=watching service=watcher path=/Users/michaelcuneo/Desktop/markdown-editor/dist
time=2026-04-10T10:57:06.713+10:00 level=INFO msg=watching service=watcher path=/Users/michaelcuneo/Desktop/markdown-editor/dist/editor
time=2026-04-10T10:57:06.714+10:00 level=INFO msg="server ready to accept connections" service=server
time=2026-04-10T10:57:06.714+10:00 level=INFO msg=resize
time=2026-04-10T10:57:06.715+10:00 level=INFO msg=watching service=watcher path=/Users/michaelcuneo/Desktop/markdown-editor/dist/editor/controller
time=2026-04-10T10:57:06.715+10:00 level=INFO msg=watching service=watcher path=/Users/michaelcuneo/Desktop/markdown-editor/dist/editor/keymap
time=2026-04-10T10:57:06.716+10:00 level=INFO msg=watching service=watcher path=/Users/michaelcuneo/Desktop/markdown-editor/dist/editor/plugins
time=2026-04-10T10:57:06.721+10:00 level=INFO msg=watching service=watcher path=/Users/michaelcuneo/Desktop/markdown-editor/dist/editor/rules
time=2026-04-10T10:57:06.721+10:00 level=INFO msg=watching service=watcher path=/Users/michaelcuneo/Desktop/markdown-editor/dist/editor/schema
time=2026-04-10T10:57:06.721+10:00 level=INFO msg=watching service=watcher path=/Users/michaelcuneo/Desktop/markdown-editor/dist/editor/tasks
time=2026-04-10T10:57:06.722+10:00 level=INFO msg=watching service=watcher path=/Users/michaelcuneo/Desktop/markdown-editor/dist/editor/theme
time=2026-04-10T10:57:06.722+10:00 level=INFO msg=watching service=watcher path=/Users/michaelcuneo/Desktop/markdown-editor/dist/editor/utils
time=2026-04-10T10:57:06.723+10:00 level=INFO msg=watching service=watcher path=/Users/michaelcuneo/Desktop/markdown-editor/dist/styles
time=2026-04-10T10:57:06.723+10:00 level=INFO msg=watching service=watcher path=/Users/michaelcuneo/Desktop/markdown-editor/dist/types
time=2026-04-10T10:57:06.725+10:00 level=INFO msg=watching service=watcher path=/Users/michaelcuneo/Desktop/markdown-editor/scripts
time=2026-04-10T10:57:06.725+10:00 level=INFO msg=watching service=watcher path=/Users/michaelcuneo/Desktop/markdown-editor/src
time=2026-04-10T10:57:06.726+10:00 level=INFO msg=watching service=watcher path=/Users/michaelcuneo/Desktop/markdown-editor/src/lib
time=2026-04-10T10:57:06.726+10:00 level=INFO msg=watching service=watcher path=/Users/michaelcuneo/Desktop/markdown-editor/src/lib/editor
time=2026-04-10T10:57:06.726+10:00 level=INFO msg=watching service=watcher path=/Users/michaelcuneo/Desktop/markdown-editor/src/lib/editor/controller
time=2026-04-10T10:57:06.726+10:00 level=INFO msg=watching service=watcher path=/Users/michaelcuneo/Desktop/markdown-editor/src/lib/editor/keymap
time=2026-04-10T10:57:06.727+10:00 level=INFO msg=watching service=watcher path=/Users/michaelcuneo/Desktop/markdown-editor/src/lib/editor/plugins
time=2026-04-10T10:57:06.727+10:00 level=INFO msg=watching service=watcher path=/Users/michaelcuneo/Desktop/markdown-editor/src/lib/editor/rules
time=2026-04-10T10:57:06.727+10:00 level=INFO msg=watching service=watcher path=/Users/michaelcuneo/Desktop/markdown-editor/src/lib/editor/schema
time=2026-04-10T10:57:06.727+10:00 level=INFO msg=watching service=watcher path=/Users/michaelcuneo/Desktop/markdown-editor/src/lib/editor/tasks
time=2026-04-10T10:57:06.727+10:00 level=INFO msg=watching service=watcher path=/Users/michaelcuneo/Desktop/markdown-editor/src/lib/editor/theme
time=2026-04-10T10:57:06.727+10:00 level=INFO msg=watching service=watcher path=/Users/michaelcuneo/Desktop/markdown-editor/src/lib/editor/utils
time=2026-04-10T10:57:06.728+10:00 level=INFO msg=watching service=watcher path=/Users/michaelcuneo/Desktop/markdown-editor/src/lib/styles
time=2026-04-10T10:57:06.728+10:00 level=INFO msg=watching service=watcher path=/Users/michaelcuneo/Desktop/markdown-editor/src/lib/types
time=2026-04-10T10:57:06.728+10:00 level=INFO msg=watching service=watcher path=/Users/michaelcuneo/Desktop/markdown-editor/src/routes
time=2026-04-10T10:57:06.728+10:00 level=INFO msg=watching service=watcher path=/Users/michaelcuneo/Desktop/markdown-editor/static
time=2026-04-10T10:57:07.009+10:00 level=INFO msg="found appsync" rest=hf7hdbeyubgtlp4n4xvvvo6ywy.appsync-api.ap-southeast-2.amazonaws.com realtime=hf7hdbeyubgtlp4n4xvvvo6ywy.appsync-realtime-api.ap-southeast-2.amazonaws.com
time=2026-04-10T10:57:07.010+10:00 level=INFO msg="checking if appsync is ready"
time=2026-04-10T10:57:07.141+10:00 level=INFO msg="INFO connecting service=appsync.connection"
time=2026-04-10T10:57:07.332+10:00 level=INFO msg="INFO connect message service=appsync.connection msg=\"map[connectionTimeoutMs:300000 type:connection_ack]\""
time=2026-04-10T10:57:07.332+10:00 level=INFO msg="subscribing to" prefix=/sst/markdown-editor/michael/in
time=2026-04-10T10:57:07.333+10:00 level=INFO msg="INFO msg service=appsync.connection type=ka id=<nil>"
time=2026-04-10T10:57:07.447+10:00 level=INFO msg="INFO msg service=appsync.connection type=subscribe_success id=019d74e488048699631a2ff3"
time=2026-04-10T10:57:07.447+10:00 level=INFO msg="INFO subscribed service=appsync.connection channel=/sst/markdown-editor/michael/in id=019d74e488048699631a2ff3"
time=2026-04-10T10:57:07.447+10:00 level=INFO msg=starting service=aws.task
time=2026-04-10T10:57:07.612+10:00 level=INFO msg=subscribed service=dev addr=[::1]:52702
time=2026-04-10T10:57:07.612+10:00 level=INFO msg=subscribed service=dev addr=[::1]:52703
time=2026-04-10T10:57:07.612+10:00 level=INFO msg="deploy requested" service=dev
time=2026-04-10T10:57:07.612+10:00 level=INFO msg=deploying service=deployer
time=2026-04-10T10:57:07.612+10:00 level=INFO msg="running stack command" service=project.run cmd=deploy
time=2026-04-10T10:57:07.612+10:00 level=INFO msg="INFO locking app=markdown-editor stage=michael"
time=2026-04-10T10:57:07.612+10:00 level=INFO msg="INFO getting data key=lock app=markdown-editor stage=michael"
time=2026-04-10T10:57:07.881+10:00 level=INFO msg="INFO putting update app=markdown-editor stage=michael"
time=2026-04-10T10:57:08.051+10:00 level=INFO msg="INFO getting passphrase app=markdown-editor stage=michael"
time=2026-04-10T10:57:08.206+10:00 level=INFO msg="INFO pulling state app=markdown-editor stage=michael out=/Users/michaelcuneo/Desktop/markdown-editor/.sst/pulumi/fe628b1b76e3414f1ed03806/.pulumi/stacks/markdown-editor/michael.json"
time=2026-04-10T10:57:08.525+10:00 level=INFO msg="got previous deployment" service=project.run updateID=fe628b1b76e3414f1ed03806
time=2026-04-10T10:57:08.525+10:00 level=INFO msg="esbuild building" out=/Users/michaelcuneo/Desktop/markdown-editor/.sst/platform/sst.config.1775782628204.mjs
time=2026-04-10T10:57:08.545+10:00 level=INFO msg="esbuild built" outfile=/Users/michaelcuneo/Desktop/markdown-editor/.sst/platform/sst.config.1775782628204.mjs
time=2026-04-10T10:57:08.549+10:00 level=INFO msg="built sst.config.ts" service=project.run updateID=fe628b1b76e3414f1ed03806 to=/Users/michaelcuneo/Desktop/markdown-editor/.sst/platform/sst.config.1775782628204.mjs
time=2026-04-10T10:57:08.551+10:00 level=INFO msg="tracked files" service=project.run updateID=fe628b1b76e3414f1ed03806
time=2026-04-10T10:57:08.551+10:00 level=INFO msg="INFO getting data key=secret app=markdown-editor stage=michael"
time=2026-04-10T10:57:08.551+10:00 level=INFO msg="INFO getting data key=secret app=markdown-editor stage=_fallback"
time=2026-04-10T10:57:08.623+10:00 level=INFO msg=subscribed service=dev addr=[::1]:52714
time=2026-04-10T10:57:08.624+10:00 level=INFO msg="matching dev" service=dev full=/Users/michaelcuneo/Desktop/markdown-editor directory=""
time=2026-04-10T10:57:08.624+10:00 level=INFO msg="loading aws credentials" service=project.env resource=MyWeb role=arn:aws:iam::481588845003:role/markdown-editor-michael-MyWebDevServerRole-mhostvkt
time=2026-04-10T10:57:08.677+10:00 level=INFO msg="starting pulumi" service=project.run updateID=fe628b1b76e3414f1ed03806 args="[/Users/michaelcuneo/Library/Application Support/sst/bin/pulumi up --yes -f --stack organization/markdown-editor/michael --non-interactive --event-log /Users/michaelcuneo/Desktop/markdown-editor/.sst/pulumi/fe628b1b76e3414f1ed03806/eventlog.json --config aws:region=ap-southeast-2 --config aws:defaultTags={\"tags\":{\"sst:app\":\"markdown-editor\",\"sst:stage\":\"michael\"}}]"
time=2026-04-10T10:57:08.783+10:00 level=INFO msg=dev service=project.env resource=MyWeb links=[]
time=2026-04-10T10:57:09.345+10:00 level=INFO msg="ignoring file event" service=watcher path=/Users/michaelcuneo/Desktop/markdown-editor/static/README.md op=CHMOD
time=2026-04-10T10:57:09.345+10:00 level=INFO msg="ignoring file event" service=watcher path=/Users/michaelcuneo/Desktop/markdown-editor/static/README.md op=CHMOD
time=2026-04-10T10:57:09.345+10:00 level=INFO msg="file event" service=watcher path=/Users/michaelcuneo/Desktop/markdown-editor/static/README.md op=WRITE|CHMOD
time=2026-04-10T10:57:09.345+10:00 level=INFO msg="checking if code needs to be rebuilt" service=aws.function file=/Users/michaelcuneo/Desktop/markdown-editor/static/README.md
time=2026-04-10T10:57:11.002+10:00 level=INFO msg="ignoring file event" service=watcher path=/Users/michaelcuneo/Desktop/markdown-editor/static/README.md op=CHMOD
time=2026-04-10T10:57:13.678+10:00 level=INFO msg="INFO pushing partial state updateID=fe628b1b76e3414f1ed03806"
time=2026-04-10T10:57:28.649+10:00 level=INFO msg="rpc request" method=POST url=/rpc
time=2026-04-10T10:57:28.649+10:00 level=INFO msg="rpc request" method=POST url=/rpc
time=2026-04-10T10:57:28.650+10:00 level=INFO msg="building function" runtime=nodejs24.x functionID=MyWebDevServer
time=2026-04-10T10:57:28.650+10:00 level=INFO msg="function built" runtime=nodejs24.x functionID=MyWebDevServer
time=2026-04-10T10:57:28.683+10:00 level=INFO msg="rpc request" method=POST url=/rpc
time=2026-04-10T10:57:28.763+10:00 level=INFO msg="INFO pushing partial state updateID=fe628b1b76e3414f1ed03806"
time=2026-04-10T10:57:29.066+10:00 level=INFO msg="INFO pushing partial state updateID=fe628b1b76e3414f1ed03806"
time=2026-04-10T10:57:35.219+10:00 level=INFO msg="INFO pushing partial state updateID=fe628b1b76e3414f1ed03806"
time=2026-04-10T10:57:35.388+10:00 level=INFO msg="pulumi exited" service=project.run updateID=fe628b1b76e3414f1ed03806 err=<nil>
time=2026-04-10T10:57:35.388+10:00 level=INFO msg="eof and exited" service=project.run updateID=fe628b1b76e3414f1ed03806 eofs=0
time=2026-04-10T10:57:35.388+10:00 level=INFO msg="eof and exited" service=project.run updateID=fe628b1b76e3414f1ed03806 eofs=1
time=2026-04-10T10:57:35.388+10:00 level=INFO msg="breaking out of tail loop" service=project.run updateID=fe628b1b76e3414f1ed03806
time=2026-04-10T10:57:35.388+10:00 level=INFO msg="parsing state" service=project.run updateID=fe628b1b76e3414f1ed03806
time=2026-04-10T10:57:35.436+10:00 level=INFO msg="INFO pushing partial state updateID=fe628b1b76e3414f1ed03806"
time=2026-04-10T10:57:35.483+10:00 level=INFO msg="generating types" root=/Users/michaelcuneo/Desktop/markdown-editor
time=2026-04-10T10:57:35.484+10:00 level=INFO msg="ignoring file event" service=watcher path=/Users/michaelcuneo/Desktop/markdown-editor/sst-env.d.ts op=CHMOD
time=2026-04-10T10:57:35.484+10:00 level=INFO msg="file event" service=watcher path=/Users/michaelcuneo/Desktop/markdown-editor/sst-env.d.ts op=WRITE
time=2026-04-10T10:57:35.484+10:00 level=INFO msg="file event" service=watcher path=/Users/michaelcuneo/Desktop/markdown-editor/sst-env.d.ts op=WRITE
time=2026-04-10T10:57:35.484+10:00 level=INFO msg="checking if code needs to be rebuilt" service=aws.function file=/Users/michaelcuneo/Desktop/markdown-editor/sst-env.d.ts
time=2026-04-10T10:57:35.485+10:00 level=INFO msg="canceling partial" service=project.run updateID=fe628b1b76e3414f1ed03806
time=2026-04-10T10:57:35.485+10:00 level=INFO msg="waiting for partial to exit" service=project.run updateID=fe628b1b76e3414f1ed03806
time=2026-04-10T10:57:35.632+10:00 level=INFO msg="INFO pushing snapshot updateID=fe628b1b76e3414f1ed03806"
time=2026-04-10T10:57:35.632+10:00 level=INFO msg="INFO pushing eventlog updateID=fe628b1b76e3414f1ed03806"
time=2026-04-10T10:57:35.896+10:00 level=INFO msg="INFO putting update app=markdown-editor stage=michael"
time=2026-04-10T10:57:36.032+10:00 level=INFO msg="done running stack command" service=project.run updateID=fe628b1b76e3414f1ed03806 resources=11
time=2026-04-10T10:57:36.034+10:00 level=INFO msg="matching dev" service=dev full=/Users/michaelcuneo/Desktop/markdown-editor directory=""
time=2026-04-10T10:57:36.034+10:00 level=INFO msg="loading aws credentials" service=project.env resource=MyWeb role=arn:aws:iam::481588845003:role/markdown-editor-michael-MyWebDevServerRole-mhostvkt
time=2026-04-10T10:57:36.036+10:00 level=INFO msg="INFO unlocking app=markdown-editor stage=michael"
time=2026-04-10T10:57:36.151+10:00 level=INFO msg="waiting for trigger" service=deployer
time=2026-04-10T10:57:36.151+10:00 level=INFO msg="build hash" service=deployer hash=bdg9DD6uLBM
time=2026-04-10T10:57:36.151+10:00 level=INFO msg="waiting for trigger" service=deployer
time=2026-04-10T10:57:36.151+10:00 level=INFO msg="waiting for trigger" service=deployer
time=2026-04-10T10:57:36.151+10:00 level=INFO msg="waiting for trigger" service=deployer
time=2026-04-10T10:57:36.177+10:00 level=INFO msg=dev service=project.env resource=MyWeb links=[]
time=2026-04-10T10:57:37.235+10:00 level=INFO msg="ignoring file event" service=watcher path=/Users/michaelcuneo/Desktop/markdown-editor/sst-env.d.ts op=CHMOD
time=2026-04-10T10:58:07.342+10:00 level=INFO msg="INFO msg service=appsync.connection type=ka id=<nil>"
time=2026-04-10T10:59:07.448+10:00 level=INFO msg="INFO msg service=appsync.connection type=ka id=<nil>"
time=2026-04-10T11:00:07.352+10:00 level=INFO msg="INFO msg service=appsync.connection type=ka id=<nil>"
time=2026-04-10T11:00:39.781+10:00 level=INFO msg="ignoring file event" service=watcher path=/Users/michaelcuneo/Desktop/markdown-editor/src/routes/+page.svelte op=CHMOD
time=2026-04-10T11:00:39.781+10:00 level=INFO msg="file event" service=watcher path=/Users/michaelcuneo/Desktop/markdown-editor/src/routes/+page.svelte op=WRITE
time=2026-04-10T11:00:39.781+10:00 level=INFO msg="waiting for trigger" service=deployer
time=2026-04-10T11:00:39.781+10:00 level=INFO msg="checking if code needs to be rebuilt" service=aws.function file=/Users/michaelcuneo/Desktop/markdown-editor/src/routes/+page.svelte
time=2026-04-10T11:00:41.419+10:00 level=INFO msg="ignoring file event" service=watcher path=/Users/michaelcuneo/Desktop/markdown-editor/src/routes/+page.svelte op=CHMOD
time=2026-04-10T11:00:42.611+10:00 level=INFO msg="ignoring file event" service=watcher path=/Users/michaelcuneo/Desktop/markdown-editor/src/routes/+page.svelte op=CHMOD
time=2026-04-10T11:00:42.611+10:00 level=INFO msg="file event" service=watcher path=/Users/michaelcuneo/Desktop/markdown-editor/src/routes/+page.svelte op=WRITE
time=2026-04-10T11:00:42.611+10:00 level=INFO msg="waiting for trigger" service=deployer
time=2026-04-10T11:00:42.611+10:00 level=INFO msg="checking if code needs to be rebuilt" service=aws.function file=/Users/michaelcuneo/Desktop/markdown-editor/src/routes/+page.svelte
time=2026-04-10T11:00:44.287+10:00 level=INFO msg="ignoring file event" service=watcher path=/Users/michaelcuneo/Desktop/markdown-editor/src/routes/+page.svelte op=CHMOD
time=2026-04-10T11:00:54.318+10:00 level=INFO msg="ignoring file event" service=watcher path=/Users/michaelcuneo/Desktop/markdown-editor/src/routes/+page.svelte op=CHMOD
time=2026-04-10T11:00:54.318+10:00 level=INFO msg="file event" service=watcher path=/Users/michaelcuneo/Desktop/markdown-editor/src/routes/+page.svelte op=WRITE
time=2026-04-10T11:00:54.318+10:00 level=INFO msg="waiting for trigger" service=deployer
time=2026-04-10T11:00:54.318+10:00 level=INFO msg="checking if code needs to be rebuilt" service=aws.function file=/Users/michaelcuneo/Desktop/markdown-editor/src/routes/+page.svelte
time=2026-04-10T11:00:55.871+10:00 level=INFO msg="ignoring file event" service=watcher path=/Users/michaelcuneo/Desktop/markdown-editor/src/routes/+page.svelte op=CHMOD
time=2026-04-10T11:00:57.364+10:00 level=INFO msg="ignoring file event" service=watcher path=/Users/michaelcuneo/Desktop/markdown-editor/src/routes/+page.svelte op=CHMOD
time=2026-04-10T11:00:57.364+10:00 level=INFO msg="file event" service=watcher path=/Users/michaelcuneo/Desktop/markdown-editor/src/routes/+page.svelte op=WRITE
time=2026-04-10T11:00:57.364+10:00 level=INFO msg="waiting for trigger" service=deployer
time=2026-04-10T11:00:57.364+10:00 level=INFO msg="checking if code needs to be rebuilt" service=aws.function file=/Users/michaelcuneo/Desktop/markdown-editor/src/routes/+page.svelte
time=2026-04-10T11:01:04.649+10:00 level=INFO msg="ignoring file event" service=watcher path=/Users/michaelcuneo/Desktop/markdown-editor/src/routes/+page.svelte op=CHMOD
time=2026-04-10T11:01:04.649+10:00 level=INFO msg="file event" service=watcher path=/Users/michaelcuneo/Desktop/markdown-editor/src/routes/+page.svelte op=WRITE
time=2026-04-10T11:01:04.649+10:00 level=INFO msg="waiting for trigger" service=deployer
time=2026-04-10T11:01:04.649+10:00 level=INFO msg="checking if code needs to be rebuilt" service=aws.function file=/Users/michaelcuneo/Desktop/markdown-editor/src/routes/+page.svelte
time=2026-04-10T11:01:07.311+10:00 level=INFO msg="INFO msg service=appsync.connection type=ka id=<nil>"
time=2026-04-10T11:01:37.994+10:00 level=INFO msg="ignoring file event" service=watcher path=/Users/michaelcuneo/Desktop/markdown-editor/src/routes/+page.svelte op=CHMOD
time=2026-04-10T11:01:56.953+10:00 level=INFO msg="ignoring file event" service=watcher path=/Users/michaelcuneo/Desktop/markdown-editor/src/routes/+page.svelte op=CHMOD
time=2026-04-10T11:01:56.953+10:00 level=INFO msg="file event" service=watcher path=/Users/michaelcuneo/Desktop/markdown-editor/src/routes/+page.svelte op=WRITE
time=2026-04-10T11:01:56.953+10:00 level=INFO msg="waiting for trigger" service=deployer
time=2026-04-10T11:01:56.953+10:00 level=INFO msg="checking if code needs to be rebuilt" service=aws.function file=/Users/michaelcuneo/Desktop/markdown-editor/src/routes/+page.svelte
time=2026-04-10T11:02:02.852+10:00 level=INFO msg="ignoring file event" service=watcher path=/Users/michaelcuneo/Desktop/markdown-editor/src/routes/+page.svelte op=CHMOD
time=2026-04-10T11:02:02.853+10:00 level=INFO msg="file event" service=watcher path=/Users/michaelcuneo/Desktop/markdown-editor/src/routes/+page.svelte op=WRITE
time=2026-04-10T11:02:02.853+10:00 level=INFO msg="checking if code needs to be rebuilt" service=aws.function file=/Users/michaelcuneo/Desktop/markdown-editor/src/routes/+page.svelte
time=2026-04-10T11:02:02.853+10:00 level=INFO msg="waiting for trigger" service=deployer
time=2026-04-10T11:02:03.933+10:00 level=INFO msg="ignoring file event" service=watcher path=/Users/michaelcuneo/Desktop/markdown-editor/src/routes/+page.svelte op=CHMOD
time=2026-04-10T11:02:03.933+10:00 level=INFO msg="file event" service=watcher path=/Users/michaelcuneo/Desktop/markdown-editor/src/routes/+page.svelte op=WRITE
time=2026-04-10T11:02:03.933+10:00 level=INFO msg="waiting for trigger" service=deployer
time=2026-04-10T11:02:03.933+10:00 level=INFO msg="checking if code needs to be rebuilt" service=aws.function file=/Users/michaelcuneo/Desktop/markdown-editor/src/routes/+page.svelte
time=2026-04-10T11:02:05.236+10:00 level=INFO msg="ignoring file event" service=watcher path=/Users/michaelcuneo/Desktop/markdown-editor/src/routes/+page.svelte op=CHMOD
time=2026-04-10T11:02:05.236+10:00 level=INFO msg="file event" service=watcher path=/Users/michaelcuneo/Desktop/markdown-editor/src/routes/+page.svelte op=WRITE
time=2026-04-10T11:02:05.236+10:00 level=INFO msg="waiting for trigger" service=deployer
time=2026-04-10T11:02:05.236+10:00 level=INFO msg="checking if code needs to be rebuilt" service=aws.function file=/Users/michaelcuneo/Desktop/markdown-editor/src/routes/+page.svelte
time=2026-04-10T11:02:07.306+10:00 level=INFO msg="INFO msg service=appsync.connection type=ka id=<nil>"
time=2026-04-10T11:02:08.248+10:00 level=INFO msg="ignoring file event" service=watcher path=/Users/michaelcuneo/Desktop/markdown-editor/src/routes/+page.svelte op=CHMOD
time=2026-04-10T11:02:08.248+10:00 level=INFO msg="file event" service=watcher path=/Users/michaelcuneo/Desktop/markdown-editor/src/routes/+page.svelte op=WRITE
time=2026-04-10T11:02:08.248+10:00 level=INFO msg="waiting for trigger" service=deployer
time=2026-04-10T11:02:08.248+10:00 level=INFO msg="checking if code needs to be rebuilt" service=aws.function file=/Users/michaelcuneo/Desktop/markdown-editor/src/routes/+page.svelte
time=2026-04-10T11:02:13.409+10:00 level=INFO msg="ignoring file event" service=watcher path=/Users/michaelcuneo/Desktop/markdown-editor/src/routes/+page.svelte op=CHMOD
time=2026-04-10T11:02:13.409+10:00 level=INFO msg="file event" service=watcher path=/Users/michaelcuneo/Desktop/markdown-editor/src/routes/+page.svelte op=WRITE
time=2026-04-10T11:02:13.409+10:00 level=INFO msg="waiting for trigger" service=deployer
time=2026-04-10T11:02:13.409+10:00 level=INFO msg="checking if code needs to be rebuilt" service=aws.function file=/Users/michaelcuneo/Desktop/markdown-editor/src/routes/+page.svelte
time=2026-04-10T11:02:16.160+10:00 level=INFO msg="ignoring file event" service=watcher path=/Users/michaelcuneo/Desktop/markdown-editor/src/routes/+page.svelte op=CHMOD
time=2026-04-10T11:02:16.160+10:00 level=INFO msg="file event" service=watcher path=/Users/michaelcuneo/Desktop/markdown-editor/src/routes/+page.svelte op=WRITE
time=2026-04-10T11:02:16.160+10:00 level=INFO msg="waiting for trigger" service=deployer
time=2026-04-10T11:02:16.160+10:00 level=INFO msg="checking if code needs to be rebuilt" service=aws.function file=/Users/michaelcuneo/Desktop/markdown-editor/src/routes/+page.svelte
time=2026-04-10T11:02:20.214+10:00 level=INFO msg="ignoring file event" service=watcher path=/Users/michaelcuneo/Desktop/markdown-editor/src/routes/+page.svelte op=CHMOD
time=2026-04-10T11:02:20.214+10:00 level=INFO msg="file event" service=watcher path=/Users/michaelcuneo/Desktop/markdown-editor/src/routes/+page.svelte op=WRITE
time=2026-04-10T11:02:20.214+10:00 level=INFO msg="waiting for trigger" service=deployer
time=2026-04-10T11:02:20.214+10:00 level=INFO msg="checking if code needs to be rebuilt" service=aws.function file=/Users/michaelcuneo/Desktop/markdown-editor/src/routes/+page.svelte
time=2026-04-10T11:02:23.527+10:00 level=INFO msg="ignoring file event" service=watcher path=/Users/michaelcuneo/Desktop/markdown-editor/src/routes/+page.svelte op=CHMOD
time=2026-04-10T11:02:23.527+10:00 level=INFO msg="file event" service=watcher path=/Users/michaelcuneo/Desktop/markdown-editor/src/routes/+page.svelte op=WRITE
time=2026-04-10T11:02:23.527+10:00 level=INFO msg="waiting for trigger" service=deployer
time=2026-04-10T11:02:23.527+10:00 level=INFO msg="checking if code needs to be rebuilt" service=aws.function file=/Users/michaelcuneo/Desktop/markdown-editor/src/routes/+page.svelte
time=2026-04-10T11:02:26.421+10:00 level=INFO msg="ignoring file event" service=watcher path=/Users/michaelcuneo/Desktop/markdown-editor/src/routes/+page.svelte op=CHMOD
time=2026-04-10T11:02:26.421+10:00 level=INFO msg="file event" service=watcher path=/Users/michaelcuneo/Desktop/markdown-editor/src/routes/+page.svelte op=WRITE
time=2026-04-10T11:02:26.421+10:00 level=INFO msg="waiting for trigger" service=deployer
time=2026-04-10T11:02:26.421+10:00 level=INFO msg="checking if code needs to be rebuilt" service=aws.function file=/Users/michaelcuneo/Desktop/markdown-editor/src/routes/+page.svelte
time=2026-04-10T11:02:31.022+10:00 level=INFO msg="ignoring file event" service=watcher path=/Users/michaelcuneo/Desktop/markdown-editor/src/routes/+page.svelte op=CHMOD
time=2026-04-10T11:02:31.022+10:00 level=INFO msg="file event" service=watcher path=/Users/michaelcuneo/Desktop/markdown-editor/src/routes/+page.svelte op=WRITE
time=2026-04-10T11:02:31.022+10:00 level=INFO msg="checking if code needs to be rebuilt" service=aws.function file=/Users/michaelcuneo/Desktop/markdown-editor/src/routes/+page.svelte
time=2026-04-10T11:02:31.022+10:00 level=INFO msg="waiting for trigger" service=deployer
time=2026-04-10T11:02:33.618+10:00 level=INFO msg="ignoring file event" service=watcher path=/Users/michaelcuneo/Desktop/markdown-editor/src/routes/+page.svelte op=CHMOD
time=2026-04-10T11:02:33.618+10:00 level=INFO msg="file event" service=watcher path=/Users/michaelcuneo/Desktop/markdown-editor/src/routes/+page.svelte op=WRITE
time=2026-04-10T11:02:33.618+10:00 level=INFO msg="waiting for trigger" service=deployer
time=2026-04-10T11:02:33.618+10:00 level=INFO msg="checking if code needs to be rebuilt" service=aws.function file=/Users/michaelcuneo/Desktop/markdown-editor/src/routes/+page.svelte
time=2026-04-10T11:02:36.746+10:00 level=INFO msg="ignoring file event" service=watcher path=/Users/michaelcuneo/Desktop/markdown-editor/src/routes/+page.svelte op=CHMOD
time=2026-04-10T11:02:36.746+10:00 level=INFO msg="file event" service=watcher path=/Users/michaelcuneo/Desktop/markdown-editor/src/routes/+page.svelte op=WRITE
time=2026-04-10T11:02:36.746+10:00 level=INFO msg="waiting for trigger" service=deployer
time=2026-04-10T11:02:36.746+10:00 level=INFO msg="checking if code needs to be rebuilt" service=aws.function file=/Users/michaelcuneo/Desktop/markdown-editor/src/routes/+page.svelte
time=2026-04-10T11:02:37.895+10:00 level=INFO msg="ignoring file event" service=watcher path=/Users/michaelcuneo/Desktop/markdown-editor/src/routes/+page.svelte op=CHMOD
time=2026-04-10T11:02:37.986+10:00 level=INFO msg="ignoring file event" service=watcher path=/Users/michaelcuneo/Desktop/markdown-editor/src/routes/+page.svelte op=CHMOD
time=2026-04-10T11:02:37.986+10:00 level=INFO msg="file event" service=watcher path=/Users/michaelcuneo/Desktop/markdown-editor/src/routes/+page.svelte op=WRITE
time=2026-04-10T11:02:37.986+10:00 level=INFO msg="waiting for trigger" service=deployer
time=2026-04-10T11:02:37.986+10:00 level=INFO msg="checking if code needs to be rebuilt" service=aws.function file=/Users/michaelcuneo/Desktop/markdown-editor/src/routes/+page.svelte
time=2026-04-10T11:02:40.357+10:00 level=INFO msg="ignoring file event" service=watcher path=/Users/michaelcuneo/Desktop/markdown-editor/src/routes/+page.svelte op=CHMOD
time=2026-04-10T11:02:40.357+10:00 level=INFO msg="file event" service=watcher path=/Users/michaelcuneo/Desktop/markdown-editor/src/routes/+page.svelte op=WRITE
time=2026-04-10T11:02:40.357+10:00 level=INFO msg="waiting for trigger" service=deployer
time=2026-04-10T11:02:40.358+10:00 level=INFO msg="checking if code needs to be rebuilt" service=aws.function file=/Users/michaelcuneo/Desktop/markdown-editor/src/routes/+page.svelte
time=2026-04-10T11:02:42.273+10:00 level=INFO msg="ignoring file event" service=watcher path=/Users/michaelcuneo/Desktop/markdown-editor/src/routes/+page.svelte op=CHMOD
time=2026-04-10T11:02:42.273+10:00 level=INFO msg="file event" service=watcher path=/Users/michaelcuneo/Desktop/markdown-editor/src/routes/+page.svelte op=WRITE
time=2026-04-10T11:02:42.273+10:00 level=INFO msg="checking if code needs to be rebuilt" service=aws.function file=/Users/michaelcuneo/Desktop/markdown-editor/src/routes/+page.svelte
time=2026-04-10T11:02:42.273+10:00 level=INFO msg="waiting for trigger" service=deployer
time=2026-04-10T11:02:43.060+10:00 level=INFO msg="ignoring file event" service=watcher path=/Users/michaelcuneo/Desktop/markdown-editor/src/routes/+page.svelte op=CHMOD
time=2026-04-10T11:02:43.060+10:00 level=INFO msg="file event" service=watcher path=/Users/michaelcuneo/Desktop/markdown-editor/src/routes/+page.svelte op=WRITE
time=2026-04-10T11:02:43.060+10:00 level=INFO msg="waiting for trigger" service=deployer
time=2026-04-10T11:02:43.060+10:00 level=INFO msg="checking if code needs to be rebuilt" service=aws.function file=/Users/michaelcuneo/Desktop/markdown-editor/src/routes/+page.svelte
time=2026-04-10T11:03:07.579+10:00 level=INFO msg="INFO msg service=appsync.connection type=ka id=<nil>"
time=2026-04-10T11:03:09.563+10:00 level=INFO msg="ignoring file event" service=watcher path=/Users/michaelcuneo/Desktop/markdown-editor/src/lib/editor/MarkdownEditor.svelte op=CHMOD
time=2026-04-10T11:03:09.563+10:00 level=INFO msg="file event" service=watcher path=/Users/michaelcuneo/Desktop/markdown-editor/src/lib/editor/MarkdownEditor.svelte op=WRITE
time=2026-04-10T11:03:09.563+10:00 level=INFO msg="waiting for trigger" service=deployer
time=2026-04-10T11:03:09.563+10:00 level=INFO msg="checking if code needs to be rebuilt" service=aws.function file=/Users/michaelcuneo/Desktop/markdown-editor/src/lib/editor/MarkdownEditor.svelte
time=2026-04-10T11:03:11.980+10:00 level=INFO msg="ignoring file event" service=watcher path=/Users/michaelcuneo/Desktop/markdown-editor/src/lib/editor/MarkdownEditor.svelte op=CHMOD
time=2026-04-10T11:03:21.102+10:00 level=INFO msg="ignoring file event" service=watcher path=/Users/michaelcuneo/Desktop/markdown-editor/src/lib/editor/MarkdownEditor.svelte op=CHMOD
time=2026-04-10T11:03:21.102+10:00 level=INFO msg="file event" service=watcher path=/Users/michaelcuneo/Desktop/markdown-editor/src/lib/editor/MarkdownEditor.svelte op=WRITE
time=2026-04-10T11:03:21.102+10:00 level=INFO msg="waiting for trigger" service=deployer
time=2026-04-10T11:03:21.102+10:00 level=INFO msg="checking if code needs to be rebuilt" service=aws.function file=/Users/michaelcuneo/Desktop/markdown-editor/src/lib/editor/MarkdownEditor.svelte
time=2026-04-10T11:03:22.324+10:00 level=INFO msg="ignoring file event" service=watcher path=/Users/michaelcuneo/Desktop/markdown-editor/src/lib/editor/MarkdownEditor.svelte op=CHMOD
time=2026-04-10T11:03:22.375+10:00 level=INFO msg="ignoring file event" service=watcher path=/Users/michaelcuneo/Desktop/markdown-editor/src/lib/editor/MarkdownEditor.svelte op=CHMOD
time=2026-04-10T11:03:22.375+10:00 level=INFO msg="file event" service=watcher path=/Users/michaelcuneo/Desktop/markdown-editor/src/lib/editor/MarkdownEditor.svelte op=WRITE
time=2026-04-10T11:03:22.375+10:00 level=INFO msg="waiting for trigger" service=deployer
time=2026-04-10T11:03:22.375+10:00 level=INFO msg="checking if code needs to be rebuilt" service=aws.function file=/Users/michaelcuneo/Desktop/markdown-editor/src/lib/editor/MarkdownEditor.svelte
time=2026-04-10T11:03:23.599+10:00 level=INFO msg="ignoring file event" service=watcher path=/Users/michaelcuneo/Desktop/markdown-editor/src/lib/editor/MarkdownEditor.svelte op=CHMOD
time=2026-04-10T11:03:25.035+10:00 level=INFO msg="ignoring file event" service=watcher path=/Users/michaelcuneo/Desktop/markdown-editor/src/routes/+page.svelte op=CHMOD
time=2026-04-10T11:03:25.035+10:00 level=INFO msg="file event" service=watcher path=/Users/michaelcuneo/Desktop/markdown-editor/src/routes/+page.svelte op=WRITE
time=2026-04-10T11:03:25.035+10:00 level=INFO msg="waiting for trigger" service=deployer
time=2026-04-10T11:03:25.035+10:00 level=INFO msg="checking if code needs to be rebuilt" service=aws.function file=/Users/michaelcuneo/Desktop/markdown-editor/src/routes/+page.svelte
time=2026-04-10T11:03:29.664+10:00 level=INFO msg="ignoring file event" service=watcher path=/Users/michaelcuneo/Desktop/markdown-editor/src/routes/+page.svelte op=CHMOD
time=2026-04-10T11:03:29.664+10:00 level=INFO msg="file event" service=watcher path=/Users/michaelcuneo/Desktop/markdown-editor/src/routes/+page.svelte op=WRITE
time=2026-04-10T11:03:29.664+10:00 level=INFO msg="waiting for trigger" service=deployer
time=2026-04-10T11:03:29.664+10:00 level=INFO msg="checking if code needs to be rebuilt" service=aws.function file=/Users/michaelcuneo/Desktop/markdown-editor/src/routes/+page.svelte
time=2026-04-10T11:03:36.049+10:00 level=INFO msg="ignoring file event" service=watcher path=/Users/michaelcuneo/Desktop/markdown-editor/src/routes/+page.svelte op=CHMOD
time=2026-04-10T11:03:36.049+10:00 level=INFO msg="file event" service=watcher path=/Users/michaelcuneo/Desktop/markdown-editor/src/routes/+page.svelte op=WRITE
time=2026-04-10T11:03:36.049+10:00 level=INFO msg="waiting for trigger" service=deployer
time=2026-04-10T11:03:36.049+10:00 level=INFO msg="checking if code needs to be rebuilt" service=aws.function file=/Users/michaelcuneo/Desktop/markdown-editor/src/routes/+page.svelte
time=2026-04-10T11:03:37.058+10:00 level=INFO msg="ignoring file event" service=watcher path=/Users/michaelcuneo/Desktop/markdown-editor/src/routes/+page.svelte op=CHMOD
time=2026-04-10T11:03:37.060+10:00 level=INFO msg="file event" service=watcher path=/Users/michaelcuneo/Desktop/markdown-editor/src/routes/+page.svelte op=WRITE
time=2026-04-10T11:03:37.060+10:00 level=INFO msg="waiting for trigger" service=deployer
time=2026-04-10T11:03:37.060+10:00 level=INFO msg="checking if code needs to be rebuilt" service=aws.function file=/Users/michaelcuneo/Desktop/markdown-editor/src/routes/+page.svelte
time=2026-04-10T11:03:48.878+10:00 level=INFO msg="ignoring file event" service=watcher path=/Users/michaelcuneo/Desktop/markdown-editor/src/routes/+page.svelte op=CHMOD
time=2026-04-10T11:03:48.878+10:00 level=INFO msg="file event" service=watcher path=/Users/michaelcuneo/Desktop/markdown-editor/src/routes/+page.svelte op=WRITE
time=2026-04-10T11:03:48.879+10:00 level=INFO msg="waiting for trigger" service=deployer
time=2026-04-10T11:03:48.879+10:00 level=INFO msg="checking if code needs to be rebuilt" service=aws.function file=/Users/michaelcuneo/Desktop/markdown-editor/src/routes/+page.svelte
time=2026-04-10T11:03:50.664+10:00 level=INFO msg="ignoring file event" service=watcher path=/Users/michaelcuneo/Desktop/markdown-editor/src/routes/+page.svelte op=CHMOD
time=2026-04-10T11:03:50.664+10:00 level=INFO msg="file event" service=watcher path=/Users/michaelcuneo/Desktop/markdown-editor/src/routes/+page.svelte op=WRITE
time=2026-04-10T11:03:50.664+10:00 level=INFO msg="waiting for trigger" service=deployer
time=2026-04-10T11:03:50.664+10:00 level=INFO msg="checking if code needs to be rebuilt" service=aws.function file=/Users/michaelcuneo/Desktop/markdown-editor/src/routes/+page.svelte
time=2026-04-10T11:04:03.441+10:00 level=INFO msg="ignoring file event" service=watcher path=/Users/michaelcuneo/Desktop/markdown-editor/src/routes/+page.svelte op=CHMOD
time=2026-04-10T11:04:03.441+10:00 level=INFO msg="file event" service=watcher path=/Users/michaelcuneo/Desktop/markdown-editor/src/routes/+page.svelte op=WRITE
time=2026-04-10T11:04:03.441+10:00 level=INFO msg="waiting for trigger" service=deployer
time=2026-04-10T11:04:03.441+10:00 level=INFO msg="checking if code needs to be rebuilt" service=aws.function file=/Users/michaelcuneo/Desktop/markdown-editor/src/routes/+page.svelte
time=2026-04-10T11:04:07.307+10:00 level=INFO msg="INFO msg service=appsync.connection type=ka id=<nil>"
time=2026-04-10T11:04:07.995+10:00 level=INFO msg="ignoring file event" service=watcher path=/Users/michaelcuneo/Desktop/markdown-editor/src/routes/+page.svelte op=CHMOD
time=2026-04-10T11:04:17.428+10:00 level=INFO msg="ignoring file event" service=watcher path=/Users/michaelcuneo/Desktop/markdown-editor/src/routes/+page.svelte op=CHMOD
time=2026-04-10T11:04:17.428+10:00 level=INFO msg="file event" service=watcher path=/Users/michaelcuneo/Desktop/markdown-editor/src/routes/+page.svelte op=WRITE
time=2026-04-10T11:04:17.428+10:00 level=INFO msg="waiting for trigger" service=deployer
time=2026-04-10T11:04:17.428+10:00 level=INFO msg="checking if code needs to be rebuilt" service=aws.function file=/Users/michaelcuneo/Desktop/markdown-editor/src/routes/+page.svelte
time=2026-04-10T11:04:32.301+10:00 level=INFO msg="ignoring file event" service=watcher path=/Users/michaelcuneo/Desktop/markdown-editor/src/routes/+page.svelte op=CHMOD
time=2026-04-10T11:04:32.301+10:00 level=INFO msg="file event" service=watcher path=/Users/michaelcuneo/Desktop/markdown-editor/src/routes/+page.svelte op=WRITE
time=2026-04-10T11:04:32.301+10:00 level=INFO msg="waiting for trigger" service=deployer
time=2026-04-10T11:04:32.301+10:00 level=INFO msg="checking if code needs to be rebuilt" service=aws.function file=/Users/michaelcuneo/Desktop/markdown-editor/src/routes/+page.svelte
time=2026-04-10T11:04:39.770+10:00 level=INFO msg="ignoring file event" service=watcher path=/Users/michaelcuneo/Desktop/markdown-editor/src/routes/+page.svelte op=CHMOD
time=2026-04-10T11:04:39.771+10:00 level=INFO msg="file event" service=watcher path=/Users/michaelcuneo/Desktop/markdown-editor/src/routes/+page.svelte op=WRITE
time=2026-04-10T11:04:39.771+10:00 level=INFO msg="waiting for trigger" service=deployer
time=2026-04-10T11:04:39.771+10:00 level=INFO msg="checking if code needs to be rebuilt" service=aws.function file=/Users/michaelcuneo/Desktop/markdown-editor/src/routes/+page.svelte
time=2026-04-10T11:04:40.208+10:00 level=INFO msg="ignoring file event" service=watcher path=/Users/michaelcuneo/Desktop/markdown-editor/src/routes/+page.svelte op=CHMOD
time=2026-04-10T11:04:40.208+10:00 level=INFO msg="file event" service=watcher path=/Users/michaelcuneo/Desktop/markdown-editor/src/routes/+page.svelte op=WRITE
time=2026-04-10T11:04:58.779+10:00 level=INFO msg="ignoring file event" service=watcher path=/Users/michaelcuneo/Desktop/markdown-editor/src/lib/editor/MarkdownEditor.svelte op=CHMOD
time=2026-04-10T11:04:58.779+10:00 level=INFO msg="file event" service=watcher path=/Users/michaelcuneo/Desktop/markdown-editor/src/lib/editor/MarkdownEditor.svelte op=WRITE
time=2026-04-10T11:04:58.779+10:00 level=INFO msg="waiting for trigger" service=deployer
time=2026-04-10T11:04:58.779+10:00 level=INFO msg="checking if code needs to be rebuilt" service=aws.function file=/Users/michaelcuneo/Desktop/markdown-editor/src/lib/editor/MarkdownEditor.svelte
time=2026-04-10T11:05:00.013+10:00 level=INFO msg="ignoring file event" service=watcher path=/Users/michaelcuneo/Desktop/markdown-editor/src/lib/editor/MarkdownEditor.svelte op=CHMOD
time=2026-04-10T11:05:04.295+10:00 level=INFO msg="ignoring file event" service=watcher path=/Users/michaelcuneo/Desktop/markdown-editor/src/lib/editor/MarkdownEditor.svelte op=CHMOD
time=2026-04-10T11:05:04.295+10:00 level=INFO msg="file event" service=watcher path=/Users/michaelcuneo/Desktop/markdown-editor/src/lib/editor/MarkdownEditor.svelte op=WRITE
time=2026-04-10T11:05:04.295+10:00 level=INFO msg="waiting for trigger" service=deployer
time=2026-04-10T11:05:04.295+10:00 level=INFO msg="checking if code needs to be rebuilt" service=aws.function file=/Users/michaelcuneo/Desktop/markdown-editor/src/lib/editor/MarkdownEditor.svelte
time=2026-04-10T11:05:05.892+10:00 level=INFO msg="ignoring file event" service=watcher path=/Users/michaelcuneo/Desktop/markdown-editor/src/lib/editor/MarkdownEditor.svelte op=CHMOD
time=2026-04-10T11:05:06.321+10:00 level=INFO msg="ignoring file event" service=watcher path=/Users/michaelcuneo/Desktop/markdown-editor/src/lib/editor/MarkdownEditor.svelte op=CHMOD
time=2026-04-10T11:05:06.321+10:00 level=INFO msg="file event" service=watcher path=/Users/michaelcuneo/Desktop/markdown-editor/src/lib/editor/MarkdownEditor.svelte op=WRITE
time=2026-04-10T11:05:06.321+10:00 level=INFO msg="waiting for trigger" service=deployer
time=2026-04-10T11:05:06.321+10:00 level=INFO msg="checking if code needs to be rebuilt" service=aws.function file=/Users/michaelcuneo/Desktop/markdown-editor/src/lib/editor/MarkdownEditor.svelte
time=2026-04-10T11:05:07.489+10:00 level=INFO msg="INFO msg service=appsync.connection type=ka id=<nil>"
time=2026-04-10T11:05:08.432+10:00 level=INFO msg="ignoring file event" service=watcher path=/Users/michaelcuneo/Desktop/markdown-editor/src/lib/editor/MarkdownEditor.svelte op=CHMOD
time=2026-04-10T11:05:10.505+10:00 level=INFO msg="ignoring file event" service=watcher path=/Users/michaelcuneo/Desktop/markdown-editor/src/lib/editor/MarkdownEditor.svelte op=CHMOD
time=2026-04-10T11:05:10.505+10:00 level=INFO msg="file event" service=watcher path=/Users/michaelcuneo/Desktop/markdown-editor/src/lib/editor/MarkdownEditor.svelte op=WRITE
time=2026-04-10T11:05:10.505+10:00 level=INFO msg="waiting for trigger" service=deployer
time=2026-04-10T11:05:10.505+10:00 level=INFO msg="checking if code needs to be rebuilt" service=aws.function file=/Users/michaelcuneo/Desktop/markdown-editor/src/lib/editor/MarkdownEditor.svelte
time=2026-04-10T11:05:11.722+10:00 level=INFO msg="ignoring file event" service=watcher path=/Users/michaelcuneo/Desktop/markdown-editor/src/lib/editor/MarkdownEditor.svelte op=CHMOD
time=2026-04-10T11:05:16.655+10:00 level=INFO msg="ignoring file event" service=watcher path=/Users/michaelcuneo/Desktop/markdown-editor/src/lib/editor/MarkdownEditor.svelte op=CHMOD
time=2026-04-10T11:05:16.655+10:00 level=INFO msg="file event" service=watcher path=/Users/michaelcuneo/Desktop/markdown-editor/src/lib/editor/MarkdownEditor.svelte op=WRITE
time=2026-04-10T11:05:16.655+10:00 level=INFO msg="checking if code needs to be rebuilt" service=aws.function file=/Users/michaelcuneo/Desktop/markdown-editor/src/lib/editor/MarkdownEditor.svelte
time=2026-04-10T11:05:16.655+10:00 level=INFO msg="waiting for trigger" service=deployer
time=2026-04-10T11:05:26.806+10:00 level=INFO msg="ignoring file event" service=watcher path=/Users/michaelcuneo/Desktop/markdown-editor/src/lib/editor/MarkdownEditor.svelte op=CHMOD
time=2026-04-10T11:05:26.806+10:00 level=INFO msg="file event" service=watcher path=/Users/michaelcuneo/Desktop/markdown-editor/src/lib/editor/MarkdownEditor.svelte op=WRITE
time=2026-04-10T11:05:26.806+10:00 level=INFO msg="waiting for trigger" service=deployer
time=2026-04-10T11:05:26.806+10:00 level=INFO msg="checking if code needs to be rebuilt" service=aws.function file=/Users/michaelcuneo/Desktop/markdown-editor/src/lib/editor/MarkdownEditor.svelte
time=2026-04-10T11:05:34.344+10:00 level=INFO msg="ignoring file event" service=watcher path=/Users/michaelcuneo/Desktop/markdown-editor/src/lib/editor/MarkdownEditor.svelte op=CHMOD
time=2026-04-10T11:05:34.344+10:00 level=INFO msg="file event" service=watcher path=/Users/michaelcuneo/Desktop/markdown-editor/src/lib/editor/MarkdownEditor.svelte op=WRITE
time=2026-04-10T11:05:34.344+10:00 level=INFO msg="waiting for trigger" service=deployer
time=2026-04-10T11:05:34.344+10:00 level=INFO msg="checking if code needs to be rebuilt" service=aws.function file=/Users/michaelcuneo/Desktop/markdown-editor/src/lib/editor/MarkdownEditor.svelte
time=2026-04-10T11:05:35.726+10:00 level=INFO msg="ignoring file event" service=watcher path=/Users/michaelcuneo/Desktop/markdown-editor/src/lib/editor/MarkdownEditor.svelte op=CHMOD
time=2026-04-10T11:05:35.726+10:00 level=INFO msg="file event" service=watcher path=/Users/michaelcuneo/Desktop/markdown-editor/src/lib/editor/MarkdownEditor.svelte op=WRITE
time=2026-04-10T11:05:35.726+10:00 level=INFO msg="waiting for trigger" service=deployer
time=2026-04-10T11:05:35.726+10:00 level=INFO msg="checking if code needs to be rebuilt" service=aws.function file=/Users/michaelcuneo/Desktop/markdown-editor/src/lib/editor/MarkdownEditor.svelte
time=2026-04-10T11:05:37.955+10:00 level=INFO msg="ignoring file event" service=watcher path=/Users/michaelcuneo/Desktop/markdown-editor/src/routes/+page.svelte op=CHMOD
time=2026-04-10T11:05:45.942+10:00 level=INFO msg="ignoring file event" service=watcher path=/Users/michaelcuneo/Desktop/markdown-editor/src/lib/editor/MarkdownEditor.svelte op=CHMOD
time=2026-04-10T11:05:45.942+10:00 level=INFO msg="file event" service=watcher path=/Users/michaelcuneo/Desktop/markdown-editor/src/lib/editor/MarkdownEditor.svelte op=WRITE
time=2026-04-10T11:05:45.942+10:00 level=INFO msg="waiting for trigger" service=deployer
time=2026-04-10T11:05:45.942+10:00 level=INFO msg="checking if code needs to be rebuilt" service=aws.function file=/Users/michaelcuneo/Desktop/markdown-editor/src/lib/editor/MarkdownEditor.svelte
time=2026-04-10T11:05:55.240+10:00 level=INFO msg="ignoring file event" service=watcher path=/Users/michaelcuneo/Desktop/markdown-editor/src/lib/editor/MarkdownEditor.svelte op=CHMOD
time=2026-04-10T11:05:55.241+10:00 level=INFO msg="file event" service=watcher path=/Users/michaelcuneo/Desktop/markdown-editor/src/lib/editor/MarkdownEditor.svelte op=WRITE
time=2026-04-10T11:05:55.241+10:00 level=INFO msg="waiting for trigger" service=deployer
time=2026-04-10T11:05:55.241+10:00 level=INFO msg="checking if code needs to be rebuilt" service=aws.function file=/Users/michaelcuneo/Desktop/markdown-editor/src/lib/editor/MarkdownEditor.svelte
time=2026-04-10T11:05:57.268+10:00 level=INFO msg="ignoring file event" service=watcher path=/Users/michaelcuneo/Desktop/markdown-editor/src/lib/editor/MarkdownEditor.svelte op=CHMOD
time=2026-04-10T11:05:57.268+10:00 level=INFO msg="file event" service=watcher path=/Users/michaelcuneo/Desktop/markdown-editor/src/lib/editor/MarkdownEditor.svelte op=WRITE
time=2026-04-10T11:05:57.268+10:00 level=INFO msg="waiting for trigger" service=deployer
time=2026-04-10T11:05:57.268+10:00 level=INFO msg="checking if code needs to be rebuilt" service=aws.function file=/Users/michaelcuneo/Desktop/markdown-editor/src/lib/editor/MarkdownEditor.svelte
time=2026-04-10T11:06:07.394+10:00 level=INFO msg="INFO msg service=appsync.connection type=ka id=<nil>"
time=2026-04-10T11:06:07.991+10:00 level=INFO msg="ignoring file event" service=watcher path=/Users/michaelcuneo/Desktop/markdown-editor/src/lib/editor/MarkdownEditor.svelte op=CHMOD
time=2026-04-10T11:06:09.299+10:00 level=INFO msg="ignoring file event" service=watcher path=/Users/michaelcuneo/Desktop/markdown-editor/src/lib/editor/MarkdownEditor.svelte op=CHMOD
time=2026-04-10T11:06:09.299+10:00 level=INFO msg="file event" service=watcher path=/Users/michaelcuneo/Desktop/markdown-editor/src/lib/editor/MarkdownEditor.svelte op=WRITE
time=2026-04-10T11:06:09.299+10:00 level=INFO msg="waiting for trigger" service=deployer
time=2026-04-10T11:06:09.299+10:00 level=INFO msg="checking if code needs to be rebuilt" service=aws.function file=/Users/michaelcuneo/Desktop/markdown-editor/src/lib/editor/MarkdownEditor.svelte
time=2026-04-10T11:06:15.575+10:00 level=INFO msg="ignoring file event" service=watcher path=/Users/michaelcuneo/Desktop/markdown-editor/src/lib/editor/MarkdownEditor.svelte op=CHMOD
time=2026-04-10T11:06:15.575+10:00 level=INFO msg="file event" service=watcher path=/Users/michaelcuneo/Desktop/markdown-editor/src/lib/editor/MarkdownEditor.svelte op=WRITE
time=2026-04-10T11:06:15.575+10:00 level=INFO msg="waiting for trigger" service=deployer
time=2026-04-10T11:06:15.575+10:00 level=INFO msg="checking if code needs to be rebuilt" service=aws.function file=/Users/michaelcuneo/Desktop/markdown-editor/src/lib/editor/MarkdownEditor.svelte
time=2026-04-10T11:06:21.782+10:00 level=INFO msg="ignoring file event" service=watcher path=/Users/michaelcuneo/Desktop/markdown-editor/src/lib/editor/MarkdownEditor.svelte op=CHMOD
time=2026-04-10T11:06:21.783+10:00 level=INFO msg="file event" service=watcher path=/Users/michaelcuneo/Desktop/markdown-editor/src/lib/editor/MarkdownEditor.svelte op=WRITE
time=2026-04-10T11:06:21.783+10:00 level=INFO msg="waiting for trigger" service=deployer
time=2026-04-10T11:06:21.783+10:00 level=INFO msg="checking if code needs to be rebuilt" service=aws.function file=/Users/michaelcuneo/Desktop/markdown-editor/src/lib/editor/MarkdownEditor.svelte
time=2026-04-10T11:07:07.604+10:00 level=INFO msg="INFO msg service=appsync.connection type=ka id=<nil>"
time=2026-04-10T11:07:07.998+10:00 level=INFO msg="ignoring file event" service=watcher path=/Users/michaelcuneo/Desktop/markdown-editor/src/lib/editor/MarkdownEditor.svelte op=CHMOD
time=2026-04-10T11:08:07.303+10:00 level=INFO msg="INFO msg service=appsync.connection type=ka id=<nil>"
time=2026-04-10T11:09:07.311+10:00 level=INFO msg="INFO msg service=appsync.connection type=ka id=<nil>"
time=2026-04-10T11:09:20.814+10:00 level=INFO msg="ignoring file event" service=watcher path=/Users/michaelcuneo/Desktop/markdown-editor/src/lib/editor/MarkdownEditor.svelte op=CHMOD
time=2026-04-10T11:09:20.814+10:00 level=INFO msg="file event" service=watcher path=/Users/michaelcuneo/Desktop/markdown-editor/src/lib/editor/MarkdownEditor.svelte op=WRITE
time=2026-04-10T11:09:20.814+10:00 level=INFO msg="waiting for trigger" service=deployer
time=2026-04-10T11:09:20.814+10:00 level=INFO msg="checking if code needs to be rebuilt" service=aws.function file=/Users/michaelcuneo/Desktop/markdown-editor/src/lib/editor/MarkdownEditor.svelte
time=2026-04-10T11:09:22.400+10:00 level=INFO msg="ignoring file event" service=watcher path=/Users/michaelcuneo/Desktop/markdown-editor/src/lib/editor/MarkdownEditor.svelte op=CHMOD
time=2026-04-10T11:09:24.219+10:00 level=INFO msg="ignoring file event" service=watcher path=/Users/michaelcuneo/Desktop/markdown-editor/src/lib/editor/MarkdownEditor.svelte op=CHMOD
time=2026-04-10T11:09:24.219+10:00 level=INFO msg="file event" service=watcher path=/Users/michaelcuneo/Desktop/markdown-editor/src/lib/editor/MarkdownEditor.svelte op=WRITE
time=2026-04-10T11:09:24.219+10:00 level=INFO msg="waiting for trigger" service=deployer
time=2026-04-10T11:09:24.219+10:00 level=INFO msg="checking if code needs to be rebuilt" service=aws.function file=/Users/michaelcuneo/Desktop/markdown-editor/src/lib/editor/MarkdownEditor.svelte
time=2026-04-10T11:09:25.718+10:00 level=INFO msg="ignoring file event" service=watcher path=/Users/michaelcuneo/Desktop/markdown-editor/src/lib/editor/MarkdownEditor.svelte op=CHMOD
time=2026-04-10T11:09:25.718+10:00 level=INFO msg="file event" service=watcher path=/Users/michaelcuneo/Desktop/markdown-editor/src/lib/editor/MarkdownEditor.svelte op=WRITE
time=2026-04-10T11:09:25.718+10:00 level=INFO msg="waiting for trigger" service=deployer
time=2026-04-10T11:09:25.718+10:00 level=INFO msg="checking if code needs to be rebuilt" service=aws.function file=/Users/michaelcuneo/Desktop/markdown-editor/src/lib/editor/MarkdownEditor.svelte
time=2026-04-10T11:09:26.941+10:00 level=INFO msg="ignoring file event" service=watcher path=/Users/michaelcuneo/Desktop/markdown-editor/src/lib/editor/MarkdownEditor.svelte op=CHMOD
time=2026-04-10T11:10:07.305+10:00 level=INFO msg="INFO msg service=appsync.connection type=ka id=<nil>"
time=2026-04-10T11:10:48.280+10:00 level=INFO msg="ignoring file event" service=watcher path=/Users/michaelcuneo/Desktop/markdown-editor/src/lib/editor/setupProseMirror.ts op=CHMOD
time=2026-04-10T11:10:48.280+10:00 level=INFO msg="file event" service=watcher path=/Users/michaelcuneo/Desktop/markdown-editor/src/lib/editor/setupProseMirror.ts op=WRITE
time=2026-04-10T11:10:48.280+10:00 level=INFO msg="waiting for trigger" service=deployer
time=2026-04-10T11:10:48.280+10:00 level=INFO msg="checking if code needs to be rebuilt" service=aws.function file=/Users/michaelcuneo/Desktop/markdown-editor/src/lib/editor/setupProseMirror.ts
time=2026-04-10T11:10:50.255+10:00 level=INFO msg="ignoring file event" service=watcher path=/Users/michaelcuneo/Desktop/markdown-editor/src/lib/editor/setupProseMirror.ts op=CHMOD
time=2026-04-10T11:11:00.296+10:00 level=INFO msg="ignoring file event" service=watcher path=/Users/michaelcuneo/Desktop/markdown-editor/src/lib/editor/plugins/autoSavePlugin.ts op=CHMOD
time=2026-04-10T11:11:00.296+10:00 level=INFO msg="file event" service=watcher path=/Users/michaelcuneo/Desktop/markdown-editor/src/lib/editor/plugins/autoSavePlugin.ts op=WRITE
time=2026-04-10T11:11:00.296+10:00 level=INFO msg="waiting for trigger" service=deployer
time=2026-04-10T11:11:00.296+10:00 level=INFO msg="checking if code needs to be rebuilt" service=aws.function file=/Users/michaelcuneo/Desktop/markdown-editor/src/lib/editor/plugins/autoSavePlugin.ts
time=2026-04-10T11:11:01.981+10:00 level=INFO msg="ignoring file event" service=watcher path=/Users/michaelcuneo/Desktop/markdown-editor/src/lib/editor/plugins/autoSavePlugin.ts op=CHMOD
time=2026-04-10T11:11:07.305+10:00 level=INFO msg="INFO msg service=appsync.connection type=ka id=<nil>"
time=2026-04-10T11:11:21.822+10:00 level=INFO msg="ignoring file event" service=watcher path=/Users/michaelcuneo/Desktop/markdown-editor/src/lib/editor/plugins/autoSavePlugin.ts op=CHMOD
time=2026-04-10T11:11:21.822+10:00 level=INFO msg="file event" service=watcher path=/Users/michaelcuneo/Desktop/markdown-editor/src/lib/editor/plugins/autoSavePlugin.ts op=WRITE
time=2026-04-10T11:11:21.822+10:00 level=INFO msg="waiting for trigger" service=deployer
time=2026-04-10T11:11:21.822+10:00 level=INFO msg="checking if code needs to be rebuilt" service=aws.function file=/Users/michaelcuneo/Desktop/markdown-editor/src/lib/editor/plugins/autoSavePlugin.ts
time=2026-04-10T11:11:23.855+10:00 level=INFO msg="ignoring file event" service=watcher path=/Users/michaelcuneo/Desktop/markdown-editor/src/lib/editor/plugins/autoSavePlugin.ts op=CHMOD
time=2026-04-10T11:12:07.432+10:00 level=INFO msg="INFO msg service=appsync.connection type=ka id=<nil>"
time=2026-04-10T11:12:48.215+10:00 level=INFO msg="ignoring file event" service=watcher path=/Users/michaelcuneo/Desktop/markdown-editor/src/lib/editor/MarkdownEditor.svelte op=CHMOD
time=2026-04-10T11:12:48.215+10:00 level=INFO msg="file event" service=watcher path=/Users/michaelcuneo/Desktop/markdown-editor/src/lib/editor/MarkdownEditor.svelte op=WRITE
time=2026-04-10T11:12:48.216+10:00 level=INFO msg="waiting for trigger" service=deployer
time=2026-04-10T11:12:48.216+10:00 level=INFO msg="checking if code needs to be rebuilt" service=aws.function file=/Users/michaelcuneo/Desktop/markdown-editor/src/lib/editor/MarkdownEditor.svelte
time=2026-04-10T11:12:49.806+10:00 level=INFO msg="ignoring file event" service=watcher path=/Users/michaelcuneo/Desktop/markdown-editor/src/lib/editor/MarkdownEditor.svelte op=CHMOD
time=2026-04-10T11:12:51.165+10:00 level=INFO msg="ignoring file event" service=watcher path=/Users/michaelcuneo/Desktop/markdown-editor/src/lib/editor/MarkdownEditor.svelte op=CHMOD
time=2026-04-10T11:12:51.165+10:00 level=INFO msg="file event" service=watcher path=/Users/michaelcuneo/Desktop/markdown-editor/src/lib/editor/MarkdownEditor.svelte op=WRITE
time=2026-04-10T11:12:51.165+10:00 level=INFO msg="checking if code needs to be rebuilt" service=aws.function file=/Users/michaelcuneo/Desktop/markdown-editor/src/lib/editor/MarkdownEditor.svelte
time=2026-04-10T11:12:51.165+10:00 level=INFO msg="waiting for trigger" service=deployer
time=2026-04-10T11:12:52.383+10:00 level=INFO msg="ignoring file event" service=watcher path=/Users/michaelcuneo/Desktop/markdown-editor/src/lib/editor/MarkdownEditor.svelte op=CHMOD
time=2026-04-10T11:13:07.357+10:00 level=INFO msg="INFO msg service=appsync.connection type=ka id=<nil>"
time=2026-04-10T11:13:39.919+10:00 level=INFO msg="ignoring file event" service=watcher path=/Users/michaelcuneo/Desktop/markdown-editor/src/lib/editor/MarkdownEditor.svelte op=CHMOD
time=2026-04-10T11:13:39.921+10:00 level=INFO msg="file event" service=watcher path=/Users/michaelcuneo/Desktop/markdown-editor/src/lib/editor/MarkdownEditor.svelte op=WRITE
time=2026-04-10T11:13:39.921+10:00 level=INFO msg="checking if code needs to be rebuilt" service=aws.function file=/Users/michaelcuneo/Desktop/markdown-editor/src/lib/editor/MarkdownEditor.svelte
time=2026-04-10T11:13:39.921+10:00 level=INFO msg="waiting for trigger" service=deployer
time=2026-04-10T11:13:40.927+10:00 level=INFO msg="ignoring file event" service=watcher path=/Users/michaelcuneo/Desktop/markdown-editor/src/lib/editor/MarkdownEditor.svelte op=CHMOD
time=2026-04-10T11:13:40.928+10:00 level=INFO msg="file event" service=watcher path=/Users/michaelcuneo/Desktop/markdown-editor/src/lib/editor/MarkdownEditor.svelte op=WRITE
time=2026-04-10T11:13:40.928+10:00 level=INFO msg="checking if code needs to be rebuilt" service=aws.function file=/Users/michaelcuneo/Desktop/markdown-editor/src/lib/editor/MarkdownEditor.svelte
time=2026-04-10T11:13:40.928+10:00 level=INFO msg="waiting for trigger" service=deployer
time=2026-04-10T11:13:42.621+10:00 level=INFO msg="ignoring file event" service=watcher path=/Users/michaelcuneo/Desktop/markdown-editor/src/lib/editor/MarkdownEditor.svelte op=CHMOD
time=2026-04-10T11:13:43.750+10:00 level=INFO msg="ignoring file event" service=watcher path=/Users/michaelcuneo/Desktop/markdown-editor/src/lib/editor/MarkdownEditor.svelte op=CHMOD
time=2026-04-10T11:13:43.750+10:00 level=INFO msg="file event" service=watcher path=/Users/michaelcuneo/Desktop/markdown-editor/src/lib/editor/MarkdownEditor.svelte op=WRITE
time=2026-04-10T11:13:43.750+10:00 level=INFO msg="waiting for trigger" service=deployer
time=2026-04-10T11:13:43.751+10:00 level=INFO msg="checking if code needs to be rebuilt" service=aws.function file=/Users/michaelcuneo/Desktop/markdown-editor/src/lib/editor/MarkdownEditor.svelte
time=2026-04-10T11:13:45.338+10:00 level=INFO msg="ignoring file event" service=watcher path=/Users/michaelcuneo/Desktop/markdown-editor/src/lib/editor/MarkdownEditor.svelte op=CHMOD
time=2026-04-10T11:13:46.329+10:00 level=INFO msg="ignoring file event" service=watcher path=/Users/michaelcuneo/Desktop/markdown-editor/src/lib/editor/MarkdownEditor.svelte op=CHMOD
time=2026-04-10T11:13:46.329+10:00 level=INFO msg="file event" service=watcher path=/Users/michaelcuneo/Desktop/markdown-editor/src/lib/editor/MarkdownEditor.svelte op=WRITE
time=2026-04-10T11:13:46.329+10:00 level=INFO msg="waiting for trigger" service=deployer
time=2026-04-10T11:13:46.329+10:00 level=INFO msg="checking if code needs to be rebuilt" service=aws.function file=/Users/michaelcuneo/Desktop/markdown-editor/src/lib/editor/MarkdownEditor.svelte
time=2026-04-10T11:13:47.912+10:00 level=INFO msg="ignoring file event" service=watcher path=/Users/michaelcuneo/Desktop/markdown-editor/src/lib/editor/MarkdownEditor.svelte op=CHMOD
time=2026-04-10T11:13:48.931+10:00 level=INFO msg="ignoring file event" service=watcher path=/Users/michaelcuneo/Desktop/markdown-editor/src/lib/editor/MarkdownEditor.svelte op=CHMOD
time=2026-04-10T11:13:48.931+10:00 level=INFO msg="file event" service=watcher path=/Users/michaelcuneo/Desktop/markdown-editor/src/lib/editor/MarkdownEditor.svelte op=WRITE
time=2026-04-10T11:13:48.931+10:00 level=INFO msg="waiting for trigger" service=deployer
time=2026-04-10T11:13:48.931+10:00 level=INFO msg="checking if code needs to be rebuilt" service=aws.function file=/Users/michaelcuneo/Desktop/markdown-editor/src/lib/editor/MarkdownEditor.svelte
time=2026-04-10T11:13:52.217+10:00 level=INFO msg="ignoring file event" service=watcher path=/Users/michaelcuneo/Desktop/markdown-editor/src/lib/editor/MarkdownEditor.svelte op=CHMOD
time=2026-04-10T11:13:52.217+10:00 level=INFO msg="file event" service=watcher path=/Users/michaelcuneo/Desktop/markdown-editor/src/lib/editor/MarkdownEditor.svelte op=WRITE
time=2026-04-10T11:13:52.217+10:00 level=INFO msg="waiting for trigger" service=deployer
time=2026-04-10T11:13:52.217+10:00 level=INFO msg="checking if code needs to be rebuilt" service=aws.function file=/Users/michaelcuneo/Desktop/markdown-editor/src/lib/editor/MarkdownEditor.svelte
time=2026-04-10T11:14:00.250+10:00 level=INFO msg="ignoring file event" service=watcher path=/Users/michaelcuneo/Desktop/markdown-editor/src/lib/editor/MarkdownEditor.svelte op=CHMOD
time=2026-04-10T11:14:00.250+10:00 level=INFO msg="file event" service=watcher path=/Users/michaelcuneo/Desktop/markdown-editor/src/lib/editor/MarkdownEditor.svelte op=WRITE
time=2026-04-10T11:14:00.251+10:00 level=INFO msg="waiting for trigger" service=deployer
time=2026-04-10T11:14:00.251+10:00 level=INFO msg="checking if code needs to be rebuilt" service=aws.function file=/Users/michaelcuneo/Desktop/markdown-editor/src/lib/editor/MarkdownEditor.svelte
time=2026-04-10T11:14:07.305+10:00 level=INFO msg="INFO msg service=appsync.connection type=ka id=<nil>"
time=2026-04-10T11:14:37.997+10:00 level=INFO msg="ignoring file event" service=watcher path=/Users/michaelcuneo/Desktop/markdown-editor/src/lib/editor/MarkdownEditor.svelte op=CHMOD
time=2026-04-10T11:15:07.452+10:00 level=INFO msg="INFO msg service=appsync.connection type=ka id=<nil>"
time=2026-04-10T11:16:07.307+10:00 level=INFO msg="INFO msg service=appsync.connection type=ka id=<nil>"
time=2026-04-10T11:17:07.310+10:00 level=INFO msg="INFO msg service=appsync.connection type=ka id=<nil>"
time=2026-04-10T11:18:07.302+10:00 level=INFO msg="INFO msg service=appsync.connection type=ka id=<nil>"
time=2026-04-10T11:19:07.377+10:00 level=INFO msg="INFO msg service=appsync.connection type=ka id=<nil>"
time=2026-04-10T11:20:07.587+10:00 level=INFO msg="INFO msg service=appsync.connection type=ka id=<nil>"
time=2026-04-10T11:21:07.491+10:00 level=INFO msg="INFO msg service=appsync.connection type=ka id=<nil>"
time=2026-04-10T11:22:07.395+10:00 level=INFO msg="INFO msg service=appsync.connection type=ka id=<nil>"
time=2026-04-10T11:23:07.331+10:00 level=INFO msg="INFO msg service=appsync.connection type=ka id=<nil>"
time=2026-04-10T11:24:07.308+10:00 level=INFO msg="INFO msg service=appsync.connection type=ka id=<nil>"
time=2026-04-10T11:25:07.304+10:00 level=INFO msg="INFO msg service=appsync.connection type=ka id=<nil>"
time=2026-04-10T11:26:07.304+10:00 level=INFO msg="INFO msg service=appsync.connection type=ka id=<nil>"
time=2026-04-10T11:27:07.303+10:00 level=INFO msg="INFO msg service=appsync.connection type=ka id=<nil>"
time=2026-04-10T11:28:07.435+10:00 level=INFO msg="INFO msg service=appsync.connection type=ka id=<nil>"
time=2026-04-10T11:29:07.303+10:00 level=INFO msg="INFO msg service=appsync.connection type=ka id=<nil>"
time=2026-04-10T11:30:07.303+10:00 level=INFO msg="INFO msg service=appsync.connection type=ka id=<nil>"
time=2026-04-10T11:31:07.306+10:00 level=INFO msg="INFO msg service=appsync.connection type=ka id=<nil>"
time=2026-04-10T11:32:07.666+10:00 level=INFO msg="INFO msg service=appsync.connection type=ka id=<nil>"
time=2026-04-10T11:33:07.306+10:00 level=INFO msg="INFO msg service=appsync.connection type=ka id=<nil>"
time=2026-04-10T11:34:07.476+10:00 level=INFO msg="INFO msg service=appsync.connection type=ka id=<nil>"
time=2026-04-10T11:35:20.588+10:00 level=INFO msg="INFO msg service=appsync.connection type=ka id=<nil>"
time=2026-04-10T11:41:26.118+10:00 level=INFO msg="INFO msg service=appsync.connection type=ka id=<nil>"
time=2026-04-10T11:41:26.159+10:00 level=INFO msg="INFO connection closed service=appsync.connection"
time=2026-04-10T11:41:26.160+10:00 level=INFO msg="INFO connection timeout service=appsync.connection"
time=2026-04-10T11:41:26.161+10:00 level=INFO msg="INFO connecting service=appsync.connection"
time=2026-04-10T11:41:26.538+10:00 level=INFO msg="INFO connect message service=appsync.connection msg=\"map[connectionTimeoutMs:300000 type:connection_ack]\""
time=2026-04-10T11:41:26.539+10:00 level=INFO msg="INFO resubscribing service=appsync.connection channel=/sst/markdown-editor/michael/in id=019d74e488048699631a2ff3"
time=2026-04-10T11:41:26.539+10:00 level=INFO msg="INFO msg service=appsync.connection type=ka id=<nil>"
time=2026-04-10T11:41:26.668+10:00 level=INFO msg="INFO msg service=appsync.connection type=subscribe_success id=019d74e488048699631a2ff3"
time=2026-04-10T11:41:26.668+10:00 level=INFO msg="INFO subscribed service=appsync.connection channel=/sst/markdown-editor/michael/in id=019d74e488048699631a2ff3"
time=2026-04-10T11:42:30.012+10:00 level=INFO msg="INFO msg service=appsync.connection type=ka id=<nil>"
time=2026-04-10T13:26:30.034+10:00 level=INFO msg="INFO connection closed service=appsync.connection"
time=2026-04-10T13:26:30.037+10:00 level=INFO msg="INFO connection timeout service=appsync.connection"
time=2026-04-10T13:26:30.037+10:00 level=INFO msg="INFO connecting service=appsync.connection"
time=2026-04-10T13:26:30.186+10:00 level=INFO msg="INFO connect message service=appsync.connection msg=\"map[connectionTimeoutMs:300000 type:connection_ack]\""
time=2026-04-10T13:26:30.186+10:00 level=INFO msg="INFO resubscribing service=appsync.connection channel=/sst/markdown-editor/michael/in id=019d74e488048699631a2ff3"
time=2026-04-10T13:26:30.186+10:00 level=INFO msg="INFO msg service=appsync.connection type=ka id=<nil>"
time=2026-04-10T13:26:30.288+10:00 level=INFO msg="INFO msg service=appsync.connection type=subscribe_success id=019d74e488048699631a2ff3"
time=2026-04-10T13:26:30.288+10:00 level=INFO msg="INFO subscribed service=appsync.connection channel=/sst/markdown-editor/michael/in id=019d74e488048699631a2ff3"
time=2026-04-10T13:27:30.186+10:00 level=INFO msg="INFO msg service=appsync.connection type=ka id=<nil>"
time=2026-04-10T13:28:30.199+10:00 level=INFO msg="INFO msg service=appsync.connection type=ka id=<nil>"
time=2026-04-10T13:29:30.243+10:00 level=INFO msg="INFO msg service=appsync.connection type=ka id=<nil>"
time=2026-04-10T13:40:23.399+10:00 level=INFO msg="INFO msg service=appsync.connection type=ka id=<nil>"
time=2026-04-10T13:40:23.407+10:00 level=INFO msg="INFO connection closed service=appsync.connection"
time=2026-04-10T13:40:23.409+10:00 level=INFO msg="INFO connection timeout service=appsync.connection"
time=2026-04-10T13:40:23.409+10:00 level=INFO msg="INFO connecting service=appsync.connection"
time=2026-04-10T13:40:23.591+10:00 level=INFO msg="INFO connect message service=appsync.connection msg=\"map[connectionTimeoutMs:300000 type:connection_ack]\""
time=2026-04-10T13:40:23.592+10:00 level=INFO msg="INFO resubscribing service=appsync.connection channel=/sst/markdown-editor/michael/in id=019d74e488048699631a2ff3"
time=2026-04-10T13:40:23.592+10:00 level=INFO msg="INFO msg service=appsync.connection type=ka id=<nil>"
time=2026-04-10T13:40:23.688+10:00 level=INFO msg="INFO msg service=appsync.connection type=subscribe_success id=019d74e488048699631a2ff3"
time=2026-04-10T13:40:23.688+10:00 level=INFO msg="INFO subscribed service=appsync.connection channel=/sst/markdown-editor/michael/in id=019d74e488048699631a2ff3"
time=2026-04-10T13:40:46.409+10:00 level=INFO msg="ignoring file event" service=watcher path=/Users/michaelcuneo/Desktop/markdown-editor/src/lib/editor/MarkdownEditor.svelte op=CHMOD
time=2026-04-10T13:40:46.410+10:00 level=INFO msg="file event" service=watcher path=/Users/michaelcuneo/Desktop/markdown-editor/src/lib/editor/MarkdownEditor.svelte op=WRITE
time=2026-04-10T13:40:46.410+10:00 level=INFO msg="checking if code needs to be rebuilt" service=aws.function file=/Users/michaelcuneo/Desktop/markdown-editor/src/lib/editor/MarkdownEditor.svelte
time=2026-04-10T13:40:46.410+10:00 level=INFO msg="waiting for trigger" service=deployer
time=2026-04-10T13:40:48.415+10:00 level=INFO msg="ignoring file event" service=watcher path=/Users/michaelcuneo/Desktop/markdown-editor/src/lib/editor/MarkdownEditor.svelte op=CHMOD
time=2026-04-10T13:41:23.521+10:00 level=INFO msg="INFO msg service=appsync.connection type=ka id=<nil>"
time=2026-04-10T13:42:23.523+10:00 level=INFO msg="INFO msg service=appsync.connection type=ka id=<nil>"
time=2026-04-10T13:43:23.523+10:00 level=INFO msg="INFO msg service=appsync.connection type=ka id=<nil>"
time=2026-04-10T13:44:23.548+10:00 level=INFO msg="INFO msg service=appsync.connection type=ka id=<nil>"
time=2026-04-10T13:45:23.554+10:00 level=INFO msg="INFO msg service=appsync.connection type=ka id=<nil>"
time=2026-04-10T13:45:34.131+10:00 level=INFO msg="matching dev" service=dev full=/Users/michaelcuneo/Desktop/markdown-editor directory=""
time=2026-04-10T13:45:34.131+10:00 level=INFO msg="loading aws credentials" service=project.env resource=MyWeb role=arn:aws:iam::481588845003:role/markdown-editor-michael-MyWebDevServerRole-mhostvkt
time=2026-04-10T13:45:34.240+10:00 level=INFO msg=dev service=project.env resource=MyWeb links=[]
time=2026-04-10T13:45:34.843+10:00 level=INFO msg="ignoring file event" service=watcher path=/Users/michaelcuneo/Desktop/markdown-editor/static/README.md op=CHMOD
time=2026-04-10T13:45:34.843+10:00 level=INFO msg="ignoring file event" service=watcher path=/Users/michaelcuneo/Desktop/markdown-editor/static/README.md op=CHMOD
time=2026-04-10T13:45:34.843+10:00 level=INFO msg="file event" service=watcher path=/Users/michaelcuneo/Desktop/markdown-editor/static/README.md op=WRITE|CHMOD
time=2026-04-10T13:45:34.843+10:00 level=INFO msg="checking if code needs to be rebuilt" service=aws.function file=/Users/michaelcuneo/Desktop/markdown-editor/static/README.md
time=2026-04-10T13:45:34.843+10:00 level=INFO msg="waiting for trigger" service=deployer
time=2026-04-10T13:45:36.735+10:00 level=INFO msg="ignoring file event" service=watcher path=/Users/michaelcuneo/Desktop/markdown-editor/static/README.md op=CHMOD
time=2026-04-10T13:46:23.560+10:00 level=INFO msg="INFO msg service=appsync.connection type=ka id=<nil>"
time=2026-04-10T13:47:23.568+10:00 level=INFO msg="INFO msg service=appsync.connection type=ka id=<nil>"
time=2026-04-10T13:48:23.574+10:00 level=INFO msg="INFO msg service=appsync.connection type=ka id=<nil>"
time=2026-04-10T13:49:23.581+10:00 level=INFO msg="INFO msg service=appsync.connection type=ka id=<nil>"
time=2026-04-10T13:50:23.587+10:00 level=INFO msg="INFO msg service=appsync.connection type=ka id=<nil>"
time=2026-04-10T13:51:23.597+10:00 level=INFO msg="INFO msg service=appsync.connection type=ka id=<nil>"
time=2026-04-10T13:52:23.524+10:00 level=INFO msg="INFO msg service=appsync.connection type=ka id=<nil>"
time=2026-04-10T13:53:23.522+10:00 level=INFO msg="INFO msg service=appsync.connection type=ka id=<nil>"
time=2026-04-10T13:54:23.614+10:00 level=INFO msg="INFO msg service=appsync.connection type=ka id=<nil>"
time=2026-04-10T13:55:11.159+10:00 level=INFO msg="ignoring file event" service=watcher path=/Users/michaelcuneo/Desktop/markdown-editor/src/lib/editor/controller/editorController.ts op=CHMOD
time=2026-04-10T13:55:11.159+10:00 level=INFO msg="file event" service=watcher path=/Users/michaelcuneo/Desktop/markdown-editor/src/lib/editor/controller/editorController.ts op=WRITE
time=2026-04-10T13:55:11.159+10:00 level=INFO msg="waiting for trigger" service=deployer
time=2026-04-10T13:55:11.159+10:00 level=INFO msg="checking if code needs to be rebuilt" service=aws.function file=/Users/michaelcuneo/Desktop/markdown-editor/src/lib/editor/controller/editorController.ts
time=2026-04-10T13:55:12.018+10:00 level=INFO msg="ignoring file event" service=watcher path=/Users/michaelcuneo/Desktop/markdown-editor/src/lib/editor/controller/editorController.ts op=CHMOD
time=2026-04-10T13:55:12.018+10:00 level=INFO msg="file event" service=watcher path=/Users/michaelcuneo/Desktop/markdown-editor/src/lib/editor/controller/editorController.ts op=WRITE
time=2026-04-10T13:55:12.018+10:00 level=INFO msg="waiting for trigger" service=deployer
time=2026-04-10T13:55:12.018+10:00 level=INFO msg="checking if code needs to be rebuilt" service=aws.function file=/Users/michaelcuneo/Desktop/markdown-editor/src/lib/editor/controller/editorController.ts
time=2026-04-10T13:55:13.255+10:00 level=INFO msg="ignoring file event" service=watcher path=/Users/michaelcuneo/Desktop/markdown-editor/src/lib/editor/controller/editorController.ts op=CHMOD
time=2026-04-10T13:55:13.781+10:00 level=INFO msg="ignoring file event" service=watcher path=/Users/michaelcuneo/Desktop/markdown-editor/src/lib/editor/controller/editorController.ts op=CHMOD
time=2026-04-10T13:55:13.781+10:00 level=INFO msg="file event" service=watcher path=/Users/michaelcuneo/Desktop/markdown-editor/src/lib/editor/controller/editorController.ts op=WRITE
time=2026-04-10T13:55:13.781+10:00 level=INFO msg="waiting for trigger" service=deployer
time=2026-04-10T13:55:13.781+10:00 level=INFO msg="checking if code needs to be rebuilt" service=aws.function file=/Users/michaelcuneo/Desktop/markdown-editor/src/lib/editor/controller/editorController.ts
time=2026-04-10T13:55:15.512+10:00 level=INFO msg="ignoring file event" service=watcher path=/Users/michaelcuneo/Desktop/markdown-editor/src/lib/editor/controller/editorController.ts op=CHMOD
time=2026-04-10T13:55:23.620+10:00 level=INFO msg="INFO msg service=appsync.connection type=ka id=<nil>"
time=2026-04-10T13:56:23.627+10:00 level=INFO msg="INFO msg service=appsync.connection type=ka id=<nil>"
time=2026-04-10T13:57:23.521+10:00 level=INFO msg="INFO msg service=appsync.connection type=ka id=<nil>"
time=2026-04-10T13:58:23.552+10:00 level=INFO msg="INFO msg service=appsync.connection type=ka id=<nil>"
time=2026-04-10T13:58:47.602+10:00 level=INFO msg="ignoring file event" service=watcher path=/Users/michaelcuneo/Desktop/markdown-editor/src/lib/editor/keymap/markdownKeymap.ts op=CHMOD
time=2026-04-10T13:58:47.602+10:00 level=INFO msg="file event" service=watcher path=/Users/michaelcuneo/Desktop/markdown-editor/src/lib/editor/keymap/markdownKeymap.ts op=WRITE
time=2026-04-10T13:58:47.602+10:00 level=INFO msg="waiting for trigger" service=deployer
time=2026-04-10T13:58:47.602+10:00 level=INFO msg="checking if code needs to be rebuilt" service=aws.function file=/Users/michaelcuneo/Desktop/markdown-editor/src/lib/editor/keymap/markdownKeymap.ts
time=2026-04-10T13:58:48.773+10:00 level=INFO msg="ignoring file event" service=watcher path=/Users/michaelcuneo/Desktop/markdown-editor/src/lib/editor/keymap/markdownKeymap.ts op=CHMOD
time=2026-04-10T13:58:48.773+10:00 level=INFO msg="file event" service=watcher path=/Users/michaelcuneo/Desktop/markdown-editor/src/lib/editor/keymap/markdownKeymap.ts op=WRITE
time=2026-04-10T13:58:48.773+10:00 level=INFO msg="waiting for trigger" service=deployer
time=2026-04-10T13:58:48.773+10:00 level=INFO msg="checking if code needs to be rebuilt" service=aws.function file=/Users/michaelcuneo/Desktop/markdown-editor/src/lib/editor/keymap/markdownKeymap.ts
time=2026-04-10T13:58:50.034+10:00 level=INFO msg="ignoring file event" service=watcher path=/Users/michaelcuneo/Desktop/markdown-editor/src/lib/editor/keymap/markdownKeymap.ts op=CHMOD
time=2026-04-10T13:59:23.522+10:00 level=INFO msg="INFO msg service=appsync.connection type=ka id=<nil>"
time=2026-04-10T14:00:23.655+10:00 level=INFO msg="INFO msg service=appsync.connection type=ka id=<nil>"
time=2026-04-10T14:00:27.216+10:00 level=INFO msg="ignoring file event" service=watcher path=/Users/michaelcuneo/Desktop/markdown-editor/src/lib/editor/plugins/autoSavePlugin.ts op=CHMOD
time=2026-04-10T14:00:27.216+10:00 level=INFO msg="file event" service=watcher path=/Users/michaelcuneo/Desktop/markdown-editor/src/lib/editor/plugins/autoSavePlugin.ts op=WRITE
time=2026-04-10T14:00:27.216+10:00 level=INFO msg="waiting for trigger" service=deployer
time=2026-04-10T14:00:27.216+10:00 level=INFO msg="checking if code needs to be rebuilt" service=aws.function file=/Users/michaelcuneo/Desktop/markdown-editor/src/lib/editor/plugins/autoSavePlugin.ts
time=2026-04-10T14:00:28.235+10:00 level=INFO msg="ignoring file event" service=watcher path=/Users/michaelcuneo/Desktop/markdown-editor/src/lib/editor/plugins/autoSavePlugin.ts op=CHMOD
time=2026-04-10T14:00:28.235+10:00 level=INFO msg="file event" service=watcher path=/Users/michaelcuneo/Desktop/markdown-editor/src/lib/editor/plugins/autoSavePlugin.ts op=WRITE
time=2026-04-10T14:00:28.235+10:00 level=INFO msg="waiting for trigger" service=deployer
time=2026-04-10T14:00:28.235+10:00 level=INFO msg="checking if code needs to be rebuilt" service=aws.function file=/Users/michaelcuneo/Desktop/markdown-editor/src/lib/editor/plugins/autoSavePlugin.ts
time=2026-04-10T14:00:28.673+10:00 level=INFO msg="ignoring file event" service=watcher path=/Users/michaelcuneo/Desktop/markdown-editor/src/lib/editor/plugins/autoSavePlugin.ts op=CHMOD
time=2026-04-10T14:00:28.673+10:00 level=INFO msg="file event" service=watcher path=/Users/michaelcuneo/Desktop/markdown-editor/src/lib/editor/plugins/autoSavePlugin.ts op=WRITE
time=2026-04-10T14:00:29.900+10:00 level=INFO msg="ignoring file event" service=watcher path=/Users/michaelcuneo/Desktop/markdown-editor/src/lib/editor/plugins/autoSavePlugin.ts op=CHMOD
time=2026-04-10T14:01:23.558+10:00 level=INFO msg="INFO msg service=appsync.connection type=ka id=<nil>"
time=2026-04-10T14:01:25.176+10:00 level=INFO msg="ignoring file event" service=watcher path=/Users/michaelcuneo/Desktop/markdown-editor/src/lib/editor/plugins/autoSavePlugin.ts op=CHMOD
time=2026-04-10T14:01:25.176+10:00 level=INFO msg="file event" service=watcher path=/Users/michaelcuneo/Desktop/markdown-editor/src/lib/editor/plugins/autoSavePlugin.ts op=WRITE
time=2026-04-10T14:01:25.176+10:00 level=INFO msg="waiting for trigger" service=deployer
time=2026-04-10T14:01:25.176+10:00 level=INFO msg="checking if code needs to be rebuilt" service=aws.function file=/Users/michaelcuneo/Desktop/markdown-editor/src/lib/editor/plugins/autoSavePlugin.ts
time=2026-04-10T14:01:26.664+10:00 level=INFO msg="ignoring file event" service=watcher path=/Users/michaelcuneo/Desktop/markdown-editor/src/lib/editor/plugins/autoSavePlugin.ts op=CHMOD
time=2026-04-10T14:01:26.664+10:00 level=INFO msg="file event" service=watcher path=/Users/michaelcuneo/Desktop/markdown-editor/src/lib/editor/plugins/autoSavePlugin.ts op=WRITE
time=2026-04-10T14:01:26.664+10:00 level=INFO msg="waiting for trigger" service=deployer
time=2026-04-10T14:01:26.664+10:00 level=INFO msg="checking if code needs to be rebuilt" service=aws.function file=/Users/michaelcuneo/Desktop/markdown-editor/src/lib/editor/plugins/autoSavePlugin.ts
time=2026-04-10T14:01:28.525+10:00 level=INFO msg="ignoring file event" service=watcher path=/Users/michaelcuneo/Desktop/markdown-editor/src/lib/editor/plugins/autoSavePlugin.ts op=CHMOD
time=2026-04-10T14:02:23.521+10:00 level=INFO msg="INFO msg service=appsync.connection type=ka id=<nil>"
time=2026-04-10T14:03:23.571+10:00 level=INFO msg="INFO msg service=appsync.connection type=ka id=<nil>"
time=2026-04-10T14:03:45.389+10:00 level=INFO msg="ignoring file event" service=watcher path=/Users/michaelcuneo/Desktop/markdown-editor/src/lib/editor/plugins/codemirrorBlockPlugin.ts op=CHMOD
time=2026-04-10T14:03:45.389+10:00 level=INFO msg="file event" service=watcher path=/Users/michaelcuneo/Desktop/markdown-editor/src/lib/editor/plugins/codemirrorBlockPlugin.ts op=WRITE
time=2026-04-10T14:03:45.389+10:00 level=INFO msg="waiting for trigger" service=deployer
time=2026-04-10T14:03:45.389+10:00 level=INFO msg="checking if code needs to be rebuilt" service=aws.function file=/Users/michaelcuneo/Desktop/markdown-editor/src/lib/editor/plugins/codemirrorBlockPlugin.ts
time=2026-04-10T14:03:46.267+10:00 level=INFO msg="ignoring file event" service=watcher path=/Users/michaelcuneo/Desktop/markdown-editor/src/lib/editor/plugins/codemirrorBlockPlugin.ts op=CHMOD
time=2026-04-10T14:03:46.267+10:00 level=INFO msg="file event" service=watcher path=/Users/michaelcuneo/Desktop/markdown-editor/src/lib/editor/plugins/codemirrorBlockPlugin.ts op=WRITE
time=2026-04-10T14:03:46.267+10:00 level=INFO msg="waiting for trigger" service=deployer
time=2026-04-10T14:03:46.267+10:00 level=INFO msg="checking if code needs to be rebuilt" service=aws.function file=/Users/michaelcuneo/Desktop/markdown-editor/src/lib/editor/plugins/codemirrorBlockPlugin.ts
time=2026-04-10T14:03:47.649+10:00 level=INFO msg="ignoring file event" service=watcher path=/Users/michaelcuneo/Desktop/markdown-editor/src/lib/editor/plugins/codemirrorBlockPlugin.ts op=CHMOD
time=2026-04-10T14:04:23.521+10:00 level=INFO msg="INFO msg service=appsync.connection type=ka id=<nil>"
time=2026-04-10T14:04:31.922+10:00 level=INFO msg="ignoring file event" service=watcher path=/Users/michaelcuneo/Desktop/markdown-editor/src/lib/editor/plugins/codemirrorBlockPlugin.ts op=CHMOD
time=2026-04-10T14:04:31.922+10:00 level=INFO msg="file event" service=watcher path=/Users/michaelcuneo/Desktop/markdown-editor/src/lib/editor/plugins/codemirrorBlockPlugin.ts op=WRITE
time=2026-04-10T14:04:31.922+10:00 level=INFO msg="waiting for trigger" service=deployer
time=2026-04-10T14:04:31.922+10:00 level=INFO msg="checking if code needs to be rebuilt" service=aws.function file=/Users/michaelcuneo/Desktop/markdown-editor/src/lib/editor/plugins/codemirrorBlockPlugin.ts
time=2026-04-10T14:04:33.512+10:00 level=INFO msg="ignoring file event" service=watcher path=/Users/michaelcuneo/Desktop/markdown-editor/src/lib/editor/plugins/codemirrorBlockPlugin.ts op=CHMOD
time=2026-04-10T14:04:46.274+10:00 level=INFO msg="ignoring file event" service=watcher path=/Users/michaelcuneo/Desktop/markdown-editor/src/lib/editor/plugins/codemirrorBlockPlugin.ts op=CHMOD
time=2026-04-10T14:04:46.274+10:00 level=INFO msg="file event" service=watcher path=/Users/michaelcuneo/Desktop/markdown-editor/src/lib/editor/plugins/codemirrorBlockPlugin.ts op=WRITE
time=2026-04-10T14:04:46.274+10:00 level=INFO msg="checking if code needs to be rebuilt" service=aws.function file=/Users/michaelcuneo/Desktop/markdown-editor/src/lib/editor/plugins/codemirrorBlockPlugin.ts
time=2026-04-10T14:04:46.274+10:00 level=INFO msg="waiting for trigger" service=deployer
time=2026-04-10T14:04:47.504+10:00 level=INFO msg="ignoring file event" service=watcher path=/Users/michaelcuneo/Desktop/markdown-editor/src/lib/editor/plugins/codemirrorBlockPlugin.ts op=CHMOD
time=2026-04-10T14:04:48.207+10:00 level=INFO msg="ignoring file event" service=watcher path=/Users/michaelcuneo/Desktop/markdown-editor/src/lib/editor/plugins/codemirrorBlockPlugin.ts op=CHMOD
time=2026-04-10T14:04:48.207+10:00 level=INFO msg="file event" service=watcher path=/Users/michaelcuneo/Desktop/markdown-editor/src/lib/editor/plugins/codemirrorBlockPlugin.ts op=WRITE
time=2026-04-10T14:04:48.207+10:00 level=INFO msg="waiting for trigger" service=deployer
time=2026-04-10T14:04:48.207+10:00 level=INFO msg="checking if code needs to be rebuilt" service=aws.function file=/Users/michaelcuneo/Desktop/markdown-editor/src/lib/editor/plugins/codemirrorBlockPlugin.ts
time=2026-04-10T14:04:49.721+10:00 level=INFO msg="ignoring file event" service=watcher path=/Users/michaelcuneo/Desktop/markdown-editor/src/lib/editor/plugins/codemirrorBlockPlugin.ts op=CHMOD
time=2026-04-10T14:04:49.886+10:00 level=INFO msg="ignoring file event" service=watcher path=/Users/michaelcuneo/Desktop/markdown-editor/src/lib/editor/plugins/codemirrorBlockPlugin.ts op=CHMOD
time=2026-04-10T14:04:49.886+10:00 level=INFO msg="file event" service=watcher path=/Users/michaelcuneo/Desktop/markdown-editor/src/lib/editor/plugins/codemirrorBlockPlugin.ts op=WRITE
time=2026-04-10T14:04:49.886+10:00 level=INFO msg="waiting for trigger" service=deployer
time=2026-04-10T14:04:49.886+10:00 level=INFO msg="checking if code needs to be rebuilt" service=aws.function file=/Users/michaelcuneo/Desktop/markdown-editor/src/lib/editor/plugins/codemirrorBlockPlugin.ts
time=2026-04-10T14:05:23.521+10:00 level=INFO msg="INFO msg service=appsync.connection type=ka id=<nil>"
time=2026-04-10T14:05:33.516+10:00 level=INFO msg="ignoring file event" service=watcher path=/Users/michaelcuneo/Desktop/markdown-editor/src/lib/editor/plugins/codemirrorBlockPlugin.ts op=CHMOD
time=2026-04-10T14:06:23.591+10:00 level=INFO msg="INFO msg service=appsync.connection type=ka id=<nil>"
time=2026-04-10T14:07:23.700+10:00 level=INFO msg="INFO msg service=appsync.connection type=ka id=<nil>"
time=2026-04-10T14:08:23.604+10:00 level=INFO msg="INFO msg service=appsync.connection type=ka id=<nil>"
time=2026-04-10T14:09:23.712+10:00 level=INFO msg="INFO msg service=appsync.connection type=ka id=<nil>"
time=2026-04-10T14:10:23.617+10:00 level=INFO msg="INFO msg service=appsync.connection type=ka id=<nil>"
time=2026-04-10T14:11:23.726+10:00 level=INFO msg="INFO msg service=appsync.connection type=ka id=<nil>"
time=2026-04-10T14:12:23.529+10:00 level=INFO msg="INFO msg service=appsync.connection type=ka id=<nil>"
time=2026-04-10T14:13:23.535+10:00 level=INFO msg="INFO msg service=appsync.connection type=ka id=<nil>"
time=2026-04-10T14:14:23.540+10:00 level=INFO msg="INFO msg service=appsync.connection type=ka id=<nil>"
time=2026-04-10T14:15:23.549+10:00 level=INFO msg="INFO msg service=appsync.connection type=ka id=<nil>"
time=2026-04-10T14:16:23.662+10:00 level=INFO msg="INFO msg service=appsync.connection type=ka id=<nil>"
time=2026-04-10T14:17:23.561+10:00 level=INFO msg="INFO msg service=appsync.connection type=ka id=<nil>"
time=2026-04-10T14:18:23.672+10:00 level=INFO msg="INFO msg service=appsync.connection type=ka id=<nil>"
time=2026-04-10T14:19:23.536+10:00 level=INFO msg="INFO msg service=appsync.connection type=ka id=<nil>"
time=2026-04-10T14:20:23.580+10:00 level=INFO msg="INFO msg service=appsync.connection type=ka id=<nil>"
time=2026-04-10T14:21:23.587+10:00 level=INFO msg="INFO msg service=appsync.connection type=ka id=<nil>"
time=2026-04-10T14:22:23.594+10:00 level=INFO msg="INFO msg service=appsync.connection type=ka id=<nil>"
time=2026-04-10T14:23:23.602+10:00 level=INFO msg="INFO msg service=appsync.connection type=ka id=<nil>"
time=2026-04-10T14:24:23.608+10:00 level=INFO msg="INFO msg service=appsync.connection type=ka id=<nil>"
time=2026-04-10T14:25:23.520+10:00 level=INFO msg="INFO msg service=appsync.connection type=ka id=<nil>"
time=2026-04-10T14:26:23.519+10:00 level=INFO msg="INFO msg service=appsync.connection type=ka id=<nil>"
time=2026-04-10T14:27:23.519+10:00 level=INFO msg="INFO msg service=appsync.connection type=ka id=<nil>"
time=2026-04-10T14:28:23.520+10:00 level=INFO msg="INFO msg service=appsync.connection type=ka id=<nil>"
time=2026-04-10T14:29:23.519+10:00 level=INFO msg="INFO msg service=appsync.connection type=ka id=<nil>"
time=2026-04-10T14:30:23.521+10:00 level=INFO msg="INFO msg service=appsync.connection type=ka id=<nil>"
time=2026-04-10T14:30:34.144+10:00 level=INFO msg="matching dev" service=dev full=/Users/michaelcuneo/Desktop/markdown-editor directory=""
time=2026-04-10T14:30:34.144+10:00 level=INFO msg="loading aws credentials" service=project.env resource=MyWeb role=arn:aws:iam::481588845003:role/markdown-editor-michael-MyWebDevServerRole-mhostvkt
time=2026-04-10T14:30:34.247+10:00 level=INFO msg=dev service=project.env resource=MyWeb links=[]
time=2026-04-10T14:30:34.925+10:00 level=INFO msg="ignoring file event" service=watcher path=/Users/michaelcuneo/Desktop/markdown-editor/static/README.md op=CHMOD
time=2026-04-10T14:30:34.925+10:00 level=INFO msg="ignoring file event" service=watcher path=/Users/michaelcuneo/Desktop/markdown-editor/static/README.md op=CHMOD
time=2026-04-10T14:30:34.925+10:00 level=INFO msg="file event" service=watcher path=/Users/michaelcuneo/Desktop/markdown-editor/static/README.md op=WRITE|CHMOD
time=2026-04-10T14:30:34.925+10:00 level=INFO msg="waiting for trigger" service=deployer
time=2026-04-10T14:30:34.925+10:00 level=INFO msg="checking if code needs to be rebuilt" service=aws.function file=/Users/michaelcuneo/Desktop/markdown-editor/static/README.md
time=2026-04-10T14:30:36.141+10:00 level=INFO msg="ignoring file event" service=watcher path=/Users/michaelcuneo/Desktop/markdown-editor/static/README.md op=CHMOD
time=2026-04-10T14:31:23.519+10:00 level=INFO msg="INFO msg service=appsync.connection type=ka id=<nil>"
time=2026-04-10T14:32:23.566+10:00 level=INFO msg="INFO msg service=appsync.connection type=ka id=<nil>"
time=2026-04-10T14:33:23.519+10:00 level=INFO msg="INFO msg service=appsync.connection type=ka id=<nil>"
time=2026-04-10T14:33:29.130+10:00 level=INFO msg="ignoring file event" service=watcher path=/Users/michaelcuneo/Desktop/markdown-editor/src/lib/editor/plugins/imageDropPlugin.ts op=CHMOD
time=2026-04-10T14:33:29.130+10:00 level=INFO msg="file event" service=watcher path=/Users/michaelcuneo/Desktop/markdown-editor/src/lib/editor/plugins/imageDropPlugin.ts op=WRITE
time=2026-04-10T14:33:29.130+10:00 level=INFO msg="waiting for trigger" service=deployer
time=2026-04-10T14:33:29.130+10:00 level=INFO msg="checking if code needs to be rebuilt" service=aws.function file=/Users/michaelcuneo/Desktop/markdown-editor/src/lib/editor/plugins/imageDropPlugin.ts
time=2026-04-10T14:33:30.471+10:00 level=INFO msg="ignoring file event" service=watcher path=/Users/michaelcuneo/Desktop/markdown-editor/src/lib/editor/plugins/imageDropPlugin.ts op=CHMOD
time=2026-04-10T14:34:23.520+10:00 level=INFO msg="INFO msg service=appsync.connection type=ka id=<nil>"
time=2026-04-10T14:35:23.519+10:00 level=INFO msg="INFO msg service=appsync.connection type=ka id=<nil>"
time=2026-04-10T14:35:49.807+10:00 level=INFO msg="ignoring file event" service=watcher path=/Users/michaelcuneo/Desktop/markdown-editor/src/lib/editor/plugins/linkClickPlugin.ts op=CHMOD
time=2026-04-10T14:35:49.807+10:00 level=INFO msg="file event" service=watcher path=/Users/michaelcuneo/Desktop/markdown-editor/src/lib/editor/plugins/linkClickPlugin.ts op=WRITE
time=2026-04-10T14:35:49.807+10:00 level=INFO msg="waiting for trigger" service=deployer
time=2026-04-10T14:35:49.807+10:00 level=INFO msg="checking if code needs to be rebuilt" service=aws.function file=/Users/michaelcuneo/Desktop/markdown-editor/src/lib/editor/plugins/linkClickPlugin.ts
time=2026-04-10T14:35:51.308+10:00 level=INFO msg="ignoring file event" service=watcher path=/Users/michaelcuneo/Desktop/markdown-editor/src/lib/editor/plugins/linkClickPlugin.ts op=CHMOD
time=2026-04-10T14:35:51.308+10:00 level=INFO msg="file event" service=watcher path=/Users/michaelcuneo/Desktop/markdown-editor/src/lib/editor/plugins/linkClickPlugin.ts op=WRITE
time=2026-04-10T14:35:51.308+10:00 level=INFO msg="waiting for trigger" service=deployer
time=2026-04-10T14:35:51.308+10:00 level=INFO msg="checking if code needs to be rebuilt" service=aws.function file=/Users/michaelcuneo/Desktop/markdown-editor/src/lib/editor/plugins/linkClickPlugin.ts
time=2026-04-10T14:35:52.538+10:00 level=INFO msg="ignoring file event" service=watcher path=/Users/michaelcuneo/Desktop/markdown-editor/src/lib/editor/plugins/linkClickPlugin.ts op=CHMOD
time=2026-04-10T14:36:23.518+10:00 level=INFO msg="INFO msg service=appsync.connection type=ka id=<nil>"
time=2026-04-10T14:37:23.590+10:00 level=INFO msg="INFO msg service=appsync.connection type=ka id=<nil>"
time=2026-04-10T14:38:23.519+10:00 level=INFO msg="INFO msg service=appsync.connection type=ka id=<nil>"
time=2026-04-10T14:39:23.519+10:00 level=INFO msg="INFO msg service=appsync.connection type=ka id=<nil>"
time=2026-04-10T14:40:23.567+10:00 level=INFO msg="INFO msg service=appsync.connection type=ka id=<nil>"
time=2026-04-10T14:41:23.518+10:00 level=INFO msg="INFO msg service=appsync.connection type=ka id=<nil>"
time=2026-04-10T14:42:23.517+10:00 level=INFO msg="INFO msg service=appsync.connection type=ka id=<nil>"
time=2026-04-10T14:43:23.518+10:00 level=INFO msg="INFO msg service=appsync.connection type=ka id=<nil>"
time=2026-04-10T14:44:23.534+10:00 level=INFO msg="INFO msg service=appsync.connection type=ka id=<nil>"
time=2026-04-10T14:45:11.745+10:00 level=INFO msg="ignoring file event" service=watcher path=/Users/michaelcuneo/Desktop/markdown-editor/src/lib/editor/plugins/markdownArrowPlugin.ts op=CHMOD
time=2026-04-10T14:45:11.745+10:00 level=INFO msg="file event" service=watcher path=/Users/michaelcuneo/Desktop/markdown-editor/src/lib/editor/plugins/markdownArrowPlugin.ts op=WRITE
time=2026-04-10T14:45:11.745+10:00 level=INFO msg="waiting for trigger" service=deployer
time=2026-04-10T14:45:11.745+10:00 level=INFO msg="checking if code needs to be rebuilt" service=aws.function file=/Users/michaelcuneo/Desktop/markdown-editor/src/lib/editor/plugins/markdownArrowPlugin.ts
time=2026-04-10T14:45:13.422+10:00 level=INFO msg="ignoring file event" service=watcher path=/Users/michaelcuneo/Desktop/markdown-editor/src/lib/editor/plugins/markdownArrowPlugin.ts op=CHMOD
time=2026-04-10T14:45:23.517+10:00 level=INFO msg="INFO msg service=appsync.connection type=ka id=<nil>"
time=2026-04-10T14:46:23.518+10:00 level=INFO msg="INFO msg service=appsync.connection type=ka id=<nil>"
time=2026-04-10T14:47:23.553+10:00 level=INFO msg="INFO msg service=appsync.connection type=ka id=<nil>"
time=2026-04-10T14:48:04.826+10:00 level=INFO msg="ignoring file event" service=watcher path=/Users/michaelcuneo/Desktop/markdown-editor/src/lib/editor/plugins/markdownBackspacePlugin.ts op=CHMOD
time=2026-04-10T14:48:04.827+10:00 level=INFO msg="file event" service=watcher path=/Users/michaelcuneo/Desktop/markdown-editor/src/lib/editor/plugins/markdownBackspacePlugin.ts op=WRITE
time=2026-04-10T14:48:04.827+10:00 level=INFO msg="checking if code needs to be rebuilt" service=aws.function file=/Users/michaelcuneo/Desktop/markdown-editor/src/lib/editor/plugins/markdownBackspacePlugin.ts
time=2026-04-10T14:48:04.827+10:00 level=INFO msg="waiting for trigger" service=deployer
time=2026-04-10T14:48:05.878+10:00 level=INFO msg="ignoring file event" service=watcher path=/Users/michaelcuneo/Desktop/markdown-editor/src/lib/editor/plugins/markdownBackspacePlugin.ts op=CHMOD
time=2026-04-10T14:48:05.879+10:00 level=INFO msg="file event" service=watcher path=/Users/michaelcuneo/Desktop/markdown-editor/src/lib/editor/plugins/markdownBackspacePlugin.ts op=WRITE
time=2026-04-10T14:48:05.879+10:00 level=INFO msg="waiting for trigger" service=deployer
time=2026-04-10T14:48:05.879+10:00 level=INFO msg="checking if code needs to be rebuilt" service=aws.function file=/Users/michaelcuneo/Desktop/markdown-editor/src/lib/editor/plugins/markdownBackspacePlugin.ts
time=2026-04-10T14:48:07.501+10:00 level=INFO msg="ignoring file event" service=watcher path=/Users/michaelcuneo/Desktop/markdown-editor/src/lib/editor/plugins/markdownBackspacePlugin.ts op=CHMOD
time=2026-04-10T14:48:23.562+10:00 level=INFO msg="INFO msg service=appsync.connection type=ka id=<nil>"
time=2026-04-10T14:49:23.517+10:00 level=INFO msg="INFO msg service=appsync.connection type=ka id=<nil>"
time=2026-04-10T14:49:52.230+10:00 level=INFO msg="ignoring file event" service=watcher path=/Users/michaelcuneo/Desktop/markdown-editor/src/lib/editor/plugins/markdownDeletePlugin.ts op=CHMOD
time=2026-04-10T14:49:52.230+10:00 level=INFO msg="file event" service=watcher path=/Users/michaelcuneo/Desktop/markdown-editor/src/lib/editor/plugins/markdownDeletePlugin.ts op=WRITE
time=2026-04-10T14:49:52.230+10:00 level=INFO msg="waiting for trigger" service=deployer
time=2026-04-10T14:49:52.230+10:00 level=INFO msg="checking if code needs to be rebuilt" service=aws.function file=/Users/michaelcuneo/Desktop/markdown-editor/src/lib/editor/plugins/markdownDeletePlugin.ts
time=2026-04-10T14:49:54.050+10:00 level=INFO msg="ignoring file event" service=watcher path=/Users/michaelcuneo/Desktop/markdown-editor/src/lib/editor/plugins/markdownDeletePlugin.ts op=CHMOD
time=2026-04-10T14:50:23.573+10:00 level=INFO msg="INFO msg service=appsync.connection type=ka id=<nil>"
time=2026-04-10T14:51:23.516+10:00 level=INFO msg="INFO msg service=appsync.connection type=ka id=<nil>"
time=2026-04-10T14:52:23.516+10:00 level=INFO msg="INFO msg service=appsync.connection type=ka id=<nil>"
time=2026-04-10T14:52:37.444+10:00 level=INFO msg="ignoring file event" service=watcher path=/Users/michaelcuneo/Desktop/markdown-editor/src/lib/editor/plugins/markdownEnterPlugin.ts op=CHMOD
time=2026-04-10T14:52:37.444+10:00 level=INFO msg="file event" service=watcher path=/Users/michaelcuneo/Desktop/markdown-editor/src/lib/editor/plugins/markdownEnterPlugin.ts op=WRITE
time=2026-04-10T14:52:37.444+10:00 level=INFO msg="waiting for trigger" service=deployer
time=2026-04-10T14:52:37.444+10:00 level=INFO msg="checking if code needs to be rebuilt" service=aws.function file=/Users/michaelcuneo/Desktop/markdown-editor/src/lib/editor/plugins/markdownEnterPlugin.ts
time=2026-04-10T14:52:39.053+10:00 level=INFO msg="ignoring file event" service=watcher path=/Users/michaelcuneo/Desktop/markdown-editor/src/lib/editor/plugins/markdownEnterPlugin.ts op=CHMOD
time=2026-04-10T14:53:23.520+10:00 level=INFO msg="INFO msg service=appsync.connection type=ka id=<nil>"
time=2026-04-10T14:53:38.786+10:00 level=INFO msg="ignoring file event" service=watcher path=/Users/michaelcuneo/Desktop/markdown-editor/src/lib/editor/plugins/markdownEnterPlugin.ts op=CHMOD
time=2026-04-10T14:53:38.786+10:00 level=INFO msg="file event" service=watcher path=/Users/michaelcuneo/Desktop/markdown-editor/src/lib/editor/plugins/markdownEnterPlugin.ts op=WRITE
time=2026-04-10T14:53:38.786+10:00 level=INFO msg="waiting for trigger" service=deployer
time=2026-04-10T14:53:38.786+10:00 level=INFO msg="checking if code needs to be rebuilt" service=aws.function file=/Users/michaelcuneo/Desktop/markdown-editor/src/lib/editor/plugins/markdownEnterPlugin.ts
time=2026-04-10T14:53:40.473+10:00 level=INFO msg="ignoring file event" service=watcher path=/Users/michaelcuneo/Desktop/markdown-editor/src/lib/editor/plugins/markdownEnterPlugin.ts op=CHMOD
time=2026-04-10T14:54:23.603+10:00 level=INFO msg="INFO msg service=appsync.connection type=ka id=<nil>"
time=2026-04-10T14:55:23.610+10:00 level=INFO msg="INFO msg service=appsync.connection type=ka id=<nil>"
time=2026-04-10T14:55:59.703+10:00 level=INFO msg="ignoring file event" service=watcher path=/Users/michaelcuneo/Desktop/markdown-editor/src/lib/editor/plugins/markdownEnterPlugin.ts op=CHMOD
time=2026-04-10T14:55:59.703+10:00 level=INFO msg="file event" service=watcher path=/Users/michaelcuneo/Desktop/markdown-editor/src/lib/editor/plugins/markdownEnterPlugin.ts op=WRITE
time=2026-04-10T14:55:59.703+10:00 level=INFO msg="waiting for trigger" service=deployer
time=2026-04-10T14:55:59.703+10:00 level=INFO msg="checking if code needs to be rebuilt" service=aws.function file=/Users/michaelcuneo/Desktop/markdown-editor/src/lib/editor/plugins/markdownEnterPlugin.ts
time=2026-04-10T14:56:00.753+10:00 level=INFO msg="ignoring file event" service=watcher path=/Users/michaelcuneo/Desktop/markdown-editor/src/lib/editor/plugins/markdownEnterPlugin.ts op=CHMOD
time=2026-04-10T14:56:00.754+10:00 level=INFO msg="file event" service=watcher path=/Users/michaelcuneo/Desktop/markdown-editor/src/lib/editor/plugins/markdownEnterPlugin.ts op=WRITE
time=2026-04-10T14:56:00.754+10:00 level=INFO msg="waiting for trigger" service=deployer
time=2026-04-10T14:56:00.754+10:00 level=INFO msg="checking if code needs to be rebuilt" service=aws.function file=/Users/michaelcuneo/Desktop/markdown-editor/src/lib/editor/plugins/markdownEnterPlugin.ts
time=2026-04-10T14:56:02.273+10:00 level=INFO msg="ignoring file event" service=watcher path=/Users/michaelcuneo/Desktop/markdown-editor/src/lib/editor/plugins/markdownEnterPlugin.ts op=CHMOD
time=2026-04-10T14:56:02.273+10:00 level=INFO msg="file event" service=watcher path=/Users/michaelcuneo/Desktop/markdown-editor/src/lib/editor/plugins/markdownEnterPlugin.ts op=WRITE
time=2026-04-10T14:56:02.273+10:00 level=INFO msg="waiting for trigger" service=deployer
time=2026-04-10T14:56:02.273+10:00 level=INFO msg="checking if code needs to be rebuilt" service=aws.function file=/Users/michaelcuneo/Desktop/markdown-editor/src/lib/editor/plugins/markdownEnterPlugin.ts
time=2026-04-10T14:56:03.528+10:00 level=INFO msg="ignoring file event" service=watcher path=/Users/michaelcuneo/Desktop/markdown-editor/src/lib/editor/plugins/markdownEnterPlugin.ts op=CHMOD
time=2026-04-10T14:56:23.617+10:00 level=INFO msg="INFO msg service=appsync.connection type=ka id=<nil>"
time=2026-04-10T14:57:23.623+10:00 level=INFO msg="INFO msg service=appsync.connection type=ka id=<nil>"
time=2026-04-10T14:58:23.520+10:00 level=INFO msg="INFO msg service=appsync.connection type=ka id=<nil>"
time=2026-04-10T14:58:50.791+10:00 level=INFO msg="ignoring file event" service=watcher path=/Users/michaelcuneo/Desktop/markdown-editor/src/lib/editor/plugins/markdownTabPlugin.ts op=CHMOD
time=2026-04-10T14:58:50.791+10:00 level=INFO msg="file event" service=watcher path=/Users/michaelcuneo/Desktop/markdown-editor/src/lib/editor/plugins/markdownTabPlugin.ts op=WRITE
time=2026-04-10T14:58:50.791+10:00 level=INFO msg="waiting for trigger" service=deployer
time=2026-04-10T14:58:50.791+10:00 level=INFO msg="checking if code needs to be rebuilt" service=aws.function file=/Users/michaelcuneo/Desktop/markdown-editor/src/lib/editor/plugins/markdownTabPlugin.ts
time=2026-04-10T14:58:51.787+10:00 level=INFO msg="ignoring file event" service=watcher path=/Users/michaelcuneo/Desktop/markdown-editor/src/lib/editor/plugins/markdownTabPlugin.ts op=CHMOD
time=2026-04-10T14:58:51.787+10:00 level=INFO msg="file event" service=watcher path=/Users/michaelcuneo/Desktop/markdown-editor/src/lib/editor/plugins/markdownTabPlugin.ts op=WRITE
time=2026-04-10T14:58:51.787+10:00 level=INFO msg="waiting for trigger" service=deployer
time=2026-04-10T14:58:51.788+10:00 level=INFO msg="checking if code needs to be rebuilt" service=aws.function file=/Users/michaelcuneo/Desktop/markdown-editor/src/lib/editor/plugins/markdownTabPlugin.ts
time=2026-04-10T14:58:53.396+10:00 level=INFO msg="ignoring file event" service=watcher path=/Users/michaelcuneo/Desktop/markdown-editor/src/lib/editor/plugins/markdownTabPlugin.ts op=CHMOD
time=2026-04-10T14:59:23.534+10:00 level=INFO msg="INFO msg service=appsync.connection type=ka id=<nil>"
time=2026-04-10T15:00:23.521+10:00 level=INFO msg="INFO msg service=appsync.connection type=ka id=<nil>"
time=2026-04-10T15:00:27.055+10:00 level=INFO msg="ignoring file event" service=watcher path=/Users/michaelcuneo/Desktop/markdown-editor/src/lib/editor/plugins/taskTogglePlugin.ts op=CHMOD
time=2026-04-10T15:00:27.055+10:00 level=INFO msg="file event" service=watcher path=/Users/michaelcuneo/Desktop/markdown-editor/src/lib/editor/plugins/taskTogglePlugin.ts op=WRITE
time=2026-04-10T15:00:27.056+10:00 level=INFO msg="checking if code needs to be rebuilt" service=aws.function file=/Users/michaelcuneo/Desktop/markdown-editor/src/lib/editor/plugins/taskTogglePlugin.ts
time=2026-04-10T15:00:27.056+10:00 level=INFO msg="waiting for trigger" service=deployer
time=2026-04-10T15:00:28.611+10:00 level=INFO msg="ignoring file event" service=watcher path=/Users/michaelcuneo/Desktop/markdown-editor/src/lib/editor/plugins/taskTogglePlugin.ts op=CHMOD
time=2026-04-10T15:00:42.698+10:00 level=INFO msg="ignoring file event" service=watcher path=/Users/michaelcuneo/Desktop/markdown-editor/src/lib/editor/plugins/taskTogglePlugin.ts op=CHMOD
time=2026-04-10T15:00:42.698+10:00 level=INFO msg="file event" service=watcher path=/Users/michaelcuneo/Desktop/markdown-editor/src/lib/editor/plugins/taskTogglePlugin.ts op=WRITE
time=2026-04-10T15:00:42.698+10:00 level=INFO msg="waiting for trigger" service=deployer
time=2026-04-10T15:00:42.698+10:00 level=INFO msg="checking if code needs to be rebuilt" service=aws.function file=/Users/michaelcuneo/Desktop/markdown-editor/src/lib/editor/plugins/taskTogglePlugin.ts
time=2026-04-10T15:00:43.916+10:00 level=INFO msg="ignoring file event" service=watcher path=/Users/michaelcuneo/Desktop/markdown-editor/src/lib/editor/plugins/taskTogglePlugin.ts op=CHMOD
time=2026-04-10T15:00:44.102+10:00 level=INFO msg="ignoring file event" service=watcher path=/Users/michaelcuneo/Desktop/markdown-editor/src/lib/editor/plugins/taskTogglePlugin.ts op=CHMOD
time=2026-04-10T15:00:44.102+10:00 level=INFO msg="file event" service=watcher path=/Users/michaelcuneo/Desktop/markdown-editor/src/lib/editor/plugins/taskTogglePlugin.ts op=WRITE
time=2026-04-10T15:00:44.102+10:00 level=INFO msg="waiting for trigger" service=deployer
time=2026-04-10T15:00:44.102+10:00 level=INFO msg="checking if code needs to be rebuilt" service=aws.function file=/Users/michaelcuneo/Desktop/markdown-editor/src/lib/editor/plugins/taskTogglePlugin.ts
time=2026-04-10T15:00:45.321+10:00 level=INFO msg="ignoring file event" service=watcher path=/Users/michaelcuneo/Desktop/markdown-editor/src/lib/editor/plugins/taskTogglePlugin.ts op=CHMOD
time=2026-04-10T15:01:23.520+10:00 level=INFO msg="INFO msg service=appsync.connection type=ka id=<nil>"
time=2026-04-10T15:02:23.130+10:00 level=INFO msg="ignoring file event" service=watcher path=/Users/michaelcuneo/Desktop/markdown-editor/src/lib/editor/plugins/taskTogglePlugin.ts op=CHMOD
time=2026-04-10T15:02:23.130+10:00 level=INFO msg="file event" service=watcher path=/Users/michaelcuneo/Desktop/markdown-editor/src/lib/editor/plugins/taskTogglePlugin.ts op=WRITE
time=2026-04-10T15:02:23.130+10:00 level=INFO msg="checking if code needs to be rebuilt" service=aws.function file=/Users/michaelcuneo/Desktop/markdown-editor/src/lib/editor/plugins/taskTogglePlugin.ts
time=2026-04-10T15:02:23.131+10:00 level=INFO msg="waiting for trigger" service=deployer
time=2026-04-10T15:02:23.521+10:00 level=INFO msg="INFO msg service=appsync.connection type=ka id=<nil>"
time=2026-04-10T15:02:24.831+10:00 level=INFO msg="ignoring file event" service=watcher path=/Users/michaelcuneo/Desktop/markdown-editor/src/lib/editor/plugins/taskTogglePlugin.ts op=CHMOD
time=2026-04-10T15:02:24.831+10:00 level=INFO msg="file event" service=watcher path=/Users/michaelcuneo/Desktop/markdown-editor/src/lib/editor/plugins/taskTogglePlugin.ts op=WRITE
time=2026-04-10T15:02:24.831+10:00 level=INFO msg="waiting for trigger" service=deployer
time=2026-04-10T15:02:24.831+10:00 level=INFO msg="checking if code needs to be rebuilt" service=aws.function file=/Users/michaelcuneo/Desktop/markdown-editor/src/lib/editor/plugins/taskTogglePlugin.ts
time=2026-04-10T15:02:26.050+10:00 level=INFO msg="ignoring file event" service=watcher path=/Users/michaelcuneo/Desktop/markdown-editor/src/lib/editor/plugins/taskTogglePlugin.ts op=CHMOD
time=2026-04-10T15:03:23.520+10:00 level=INFO msg="INFO msg service=appsync.connection type=ka id=<nil>"
time=2026-04-10T15:04:23.567+10:00 level=INFO msg="INFO msg service=appsync.connection type=ka id=<nil>"
time=2026-04-10T15:04:57.231+10:00 level=INFO msg="ignoring file event" service=watcher path=/Users/michaelcuneo/Desktop/markdown-editor/src/lib/editor/keymap/markdownKeymap.ts op=CHMOD
time=2026-04-10T15:04:57.231+10:00 level=INFO msg="file event" service=watcher path=/Users/michaelcuneo/Desktop/markdown-editor/src/lib/editor/keymap/markdownKeymap.ts op=WRITE
time=2026-04-10T15:04:57.231+10:00 level=INFO msg="waiting for trigger" service=deployer
time=2026-04-10T15:04:57.231+10:00 level=INFO msg="checking if code needs to be rebuilt" service=aws.function file=/Users/michaelcuneo/Desktop/markdown-editor/src/lib/editor/keymap/markdownKeymap.ts
time=2026-04-10T15:04:58.172+10:00 level=INFO msg="ignoring file event" service=watcher path=/Users/michaelcuneo/Desktop/markdown-editor/src/lib/editor/keymap/markdownKeymap.ts op=CHMOD
time=2026-04-10T15:04:58.172+10:00 level=INFO msg="file event" service=watcher path=/Users/michaelcuneo/Desktop/markdown-editor/src/lib/editor/keymap/markdownKeymap.ts op=WRITE
time=2026-04-10T15:04:58.172+10:00 level=INFO msg="waiting for trigger" service=deployer
time=2026-04-10T15:04:58.172+10:00 level=INFO msg="checking if code needs to be rebuilt" service=aws.function file=/Users/michaelcuneo/Desktop/markdown-editor/src/lib/editor/keymap/markdownKeymap.ts
time=2026-04-10T15:04:59.601+10:00 level=INFO msg="ignoring file event" service=watcher path=/Users/michaelcuneo/Desktop/markdown-editor/src/lib/editor/keymap/markdownKeymap.ts op=CHMOD
time=2026-04-10T15:05:04.037+10:00 level=INFO msg="ignoring file event" service=watcher path=/Users/michaelcuneo/Desktop/markdown-editor/src/lib/editor/keymap/markdownKeymap.ts op=CHMOD
time=2026-04-10T15:05:04.037+10:00 level=INFO msg="file event" service=watcher path=/Users/michaelcuneo/Desktop/markdown-editor/src/lib/editor/keymap/markdownKeymap.ts op=WRITE
time=2026-04-10T15:05:04.037+10:00 level=INFO msg="checking if code needs to be rebuilt" service=aws.function file=/Users/michaelcuneo/Desktop/markdown-editor/src/lib/editor/keymap/markdownKeymap.ts
time=2026-04-10T15:05:04.037+10:00 level=INFO msg="waiting for trigger" service=deployer
time=2026-04-10T15:05:05.779+10:00 level=INFO msg="ignoring file event" service=watcher path=/Users/michaelcuneo/Desktop/markdown-editor/src/lib/editor/keymap/markdownKeymap.ts op=CHMOD
time=2026-04-10T15:05:12.348+10:00 level=INFO msg="ignoring file event" service=watcher path=/Users/michaelcuneo/Desktop/markdown-editor/src/lib/editor/controller/editorController.ts op=CHMOD
time=2026-04-10T15:05:12.349+10:00 level=INFO msg="file event" service=watcher path=/Users/michaelcuneo/Desktop/markdown-editor/src/lib/editor/controller/editorController.ts op=WRITE
time=2026-04-10T15:05:12.349+10:00 level=INFO msg="waiting for trigger" service=deployer
time=2026-04-10T15:05:12.349+10:00 level=INFO msg="checking if code needs to be rebuilt" service=aws.function file=/Users/michaelcuneo/Desktop/markdown-editor/src/lib/editor/controller/editorController.ts
time=2026-04-10T15:05:14.006+10:00 level=INFO msg="ignoring file event" service=watcher path=/Users/michaelcuneo/Desktop/markdown-editor/src/lib/editor/controller/editorController.ts op=CHMOD
time=2026-04-10T15:05:15.415+10:00 level=INFO msg="ignoring file event" service=watcher path=/Users/michaelcuneo/Desktop/markdown-editor/src/lib/editor/controller/editorController.ts op=CHMOD
time=2026-04-10T15:05:15.415+10:00 level=INFO msg="file event" service=watcher path=/Users/michaelcuneo/Desktop/markdown-editor/src/lib/editor/controller/editorController.ts op=WRITE
time=2026-04-10T15:05:15.415+10:00 level=INFO msg="waiting for trigger" service=deployer
time=2026-04-10T15:05:15.415+10:00 level=INFO msg="checking if code needs to be rebuilt" service=aws.function file=/Users/michaelcuneo/Desktop/markdown-editor/src/lib/editor/controller/editorController.ts
time=2026-04-10T15:05:16.895+10:00 level=INFO msg="ignoring file event" service=watcher path=/Users/michaelcuneo/Desktop/markdown-editor/src/lib/editor/controller/editorController.ts op=CHMOD
time=2026-04-10T15:05:20.404+10:00 level=INFO msg="ignoring file event" service=watcher path=/Users/michaelcuneo/Desktop/markdown-editor/src/lib/editor/plugins/autoSavePlugin.ts op=CHMOD
time=2026-04-10T15:05:20.404+10:00 level=INFO msg="file event" service=watcher path=/Users/michaelcuneo/Desktop/markdown-editor/src/lib/editor/plugins/autoSavePlugin.ts op=WRITE
time=2026-04-10T15:05:20.404+10:00 level=INFO msg="waiting for trigger" service=deployer
time=2026-04-10T15:05:20.404+10:00 level=INFO msg="checking if code needs to be rebuilt" service=aws.function file=/Users/michaelcuneo/Desktop/markdown-editor/src/lib/editor/plugins/autoSavePlugin.ts
time=2026-04-10T15:05:20.935+10:00 level=INFO msg="ignoring file event" service=watcher path=/Users/michaelcuneo/Desktop/markdown-editor/src/lib/editor/plugins/autoSavePlugin.ts op=CHMOD
time=2026-04-10T15:05:20.935+10:00 level=INFO msg="file event" service=watcher path=/Users/michaelcuneo/Desktop/markdown-editor/src/lib/editor/plugins/autoSavePlugin.ts op=WRITE
time=2026-04-10T15:05:20.935+10:00 level=INFO msg="waiting for trigger" service=deployer
time=2026-04-10T15:05:20.935+10:00 level=INFO msg="checking if code needs to be rebuilt" service=aws.function file=/Users/michaelcuneo/Desktop/markdown-editor/src/lib/editor/plugins/autoSavePlugin.ts
time=2026-04-10T15:05:21.873+10:00 level=INFO msg="ignoring file event" service=watcher path=/Users/michaelcuneo/Desktop/markdown-editor/src/lib/editor/plugins/autoSavePlugin.ts op=CHMOD
time=2026-04-10T15:05:21.873+10:00 level=INFO msg="file event" service=watcher path=/Users/michaelcuneo/Desktop/markdown-editor/src/lib/editor/plugins/autoSavePlugin.ts op=WRITE
time=2026-04-10T15:05:21.873+10:00 level=INFO msg="checking if code needs to be rebuilt" service=aws.function file=/Users/michaelcuneo/Desktop/markdown-editor/src/lib/editor/plugins/autoSavePlugin.ts
time=2026-04-10T15:05:21.873+10:00 level=INFO msg="waiting for trigger" service=deployer
time=2026-04-10T15:05:23.113+10:00 level=INFO msg="ignoring file event" service=watcher path=/Users/michaelcuneo/Desktop/markdown-editor/src/lib/editor/plugins/autoSavePlugin.ts op=CHMOD
time=2026-04-10T15:05:23.520+10:00 level=INFO msg="INFO msg service=appsync.connection type=ka id=<nil>"
time=2026-04-10T15:05:32.556+10:00 level=INFO msg="ignoring file event" service=watcher path=/Users/michaelcuneo/Desktop/markdown-editor/src/lib/editor/plugins/wysiwymPlugin.ts op=CHMOD
time=2026-04-10T15:05:32.556+10:00 level=INFO msg="file event" service=watcher path=/Users/michaelcuneo/Desktop/markdown-editor/src/lib/editor/plugins/wysiwymPlugin.ts op=WRITE
time=2026-04-10T15:05:32.556+10:00 level=INFO msg="waiting for trigger" service=deployer
time=2026-04-10T15:05:32.556+10:00 level=INFO msg="checking if code needs to be rebuilt" service=aws.function file=/Users/michaelcuneo/Desktop/markdown-editor/src/lib/editor/plugins/wysiwymPlugin.ts
time=2026-04-10T15:05:33.827+10:00 level=INFO msg="ignoring file event" service=watcher path=/Users/michaelcuneo/Desktop/markdown-editor/src/lib/editor/plugins/wysiwymPlugin.ts op=CHMOD
time=2026-04-10T15:05:33.827+10:00 level=INFO msg="file event" service=watcher path=/Users/michaelcuneo/Desktop/markdown-editor/src/lib/editor/plugins/wysiwymPlugin.ts op=WRITE
time=2026-04-10T15:05:33.827+10:00 level=INFO msg="waiting for trigger" service=deployer
time=2026-04-10T15:05:33.827+10:00 level=INFO msg="checking if code needs to be rebuilt" service=aws.function file=/Users/michaelcuneo/Desktop/markdown-editor/src/lib/editor/plugins/wysiwymPlugin.ts
time=2026-04-10T15:05:35.053+10:00 level=INFO msg="ignoring file event" service=watcher path=/Users/michaelcuneo/Desktop/markdown-editor/src/lib/editor/plugins/wysiwymPlugin.ts op=CHMOD
time=2026-04-10T15:06:23.520+10:00 level=INFO msg="INFO msg service=appsync.connection type=ka id=<nil>"
time=2026-04-10T15:07:23.521+10:00 level=INFO msg="INFO msg service=appsync.connection type=ka id=<nil>"
time=2026-04-10T15:07:44.100+10:00 level=INFO msg="ignoring file event" service=watcher path=/Users/michaelcuneo/Desktop/markdown-editor/src/lib/editor/rules/markdownInputRules.ts op=CHMOD
time=2026-04-10T15:07:44.100+10:00 level=INFO msg="file event" service=watcher path=/Users/michaelcuneo/Desktop/markdown-editor/src/lib/editor/rules/markdownInputRules.ts op=WRITE
time=2026-04-10T15:07:44.100+10:00 level=INFO msg="waiting for trigger" service=deployer
time=2026-04-10T15:07:44.100+10:00 level=INFO msg="checking if code needs to be rebuilt" service=aws.function file=/Users/michaelcuneo/Desktop/markdown-editor/src/lib/editor/rules/markdownInputRules.ts
time=2026-04-10T15:07:45.261+10:00 level=INFO msg="ignoring file event" service=watcher path=/Users/michaelcuneo/Desktop/markdown-editor/src/lib/editor/rules/markdownInputRules.ts op=CHMOD
time=2026-04-10T15:07:45.261+10:00 level=INFO msg="file event" service=watcher path=/Users/michaelcuneo/Desktop/markdown-editor/src/lib/editor/rules/markdownInputRules.ts op=WRITE
time=2026-04-10T15:07:45.261+10:00 level=INFO msg="waiting for trigger" service=deployer
time=2026-04-10T15:07:45.261+10:00 level=INFO msg="checking if code needs to be rebuilt" service=aws.function file=/Users/michaelcuneo/Desktop/markdown-editor/src/lib/editor/rules/markdownInputRules.ts
time=2026-04-10T15:07:46.585+10:00 level=INFO msg="ignoring file event" service=watcher path=/Users/michaelcuneo/Desktop/markdown-editor/src/lib/editor/rules/markdownInputRules.ts op=CHMOD
time=2026-04-10T15:08:23.520+10:00 level=INFO msg="INFO msg service=appsync.connection type=ka id=<nil>"
time=2026-04-10T15:09:01.951+10:00 level=INFO msg="ignoring file event" service=watcher path=/Users/michaelcuneo/Desktop/markdown-editor/src/lib/editor/schema/markdownSchema.ts op=CHMOD
time=2026-04-10T15:09:01.951+10:00 level=INFO msg="file event" service=watcher path=/Users/michaelcuneo/Desktop/markdown-editor/src/lib/editor/schema/markdownSchema.ts op=WRITE
time=2026-04-10T15:09:01.951+10:00 level=INFO msg="waiting for trigger" service=deployer
time=2026-04-10T15:09:01.951+10:00 level=INFO msg="checking if code needs to be rebuilt" service=aws.function file=/Users/michaelcuneo/Desktop/markdown-editor/src/lib/editor/schema/markdownSchema.ts
time=2026-04-10T15:09:03.482+10:00 level=INFO msg="ignoring file event" service=watcher path=/Users/michaelcuneo/Desktop/markdown-editor/src/lib/editor/schema/markdownSchema.ts op=CHMOD
time=2026-04-10T15:09:23.519+10:00 level=INFO msg="INFO msg service=appsync.connection type=ka id=<nil>"
time=2026-04-10T15:10:23.521+10:00 level=INFO msg="INFO msg service=appsync.connection type=ka id=<nil>"
time=2026-04-10T15:10:52.126+10:00 level=INFO msg="ignoring file event" service=watcher path=/Users/michaelcuneo/Desktop/markdown-editor/src/lib/editor/schema/tasklistSchema.ts op=CHMOD
time=2026-04-10T15:10:52.126+10:00 level=INFO msg="file event" service=watcher path=/Users/michaelcuneo/Desktop/markdown-editor/src/lib/editor/schema/tasklistSchema.ts op=WRITE
time=2026-04-10T15:10:52.126+10:00 level=INFO msg="waiting for trigger" service=deployer
time=2026-04-10T15:10:52.126+10:00 level=INFO msg="checking if code needs to be rebuilt" service=aws.function file=/Users/michaelcuneo/Desktop/markdown-editor/src/lib/editor/schema/tasklistSchema.ts
time=2026-04-10T15:10:53.164+10:00 level=INFO msg="ignoring file event" service=watcher path=/Users/michaelcuneo/Desktop/markdown-editor/src/lib/editor/schema/tasklistSchema.ts op=CHMOD
time=2026-04-10T15:10:53.164+10:00 level=INFO msg="file event" service=watcher path=/Users/michaelcuneo/Desktop/markdown-editor/src/lib/editor/schema/tasklistSchema.ts op=WRITE
time=2026-04-10T15:10:53.164+10:00 level=INFO msg="checking if code needs to be rebuilt" service=aws.function file=/Users/michaelcuneo/Desktop/markdown-editor/src/lib/editor/schema/tasklistSchema.ts
time=2026-04-10T15:10:53.165+10:00 level=INFO msg="waiting for trigger" service=deployer
time=2026-04-10T15:10:55.437+10:00 level=INFO msg="ignoring file event" service=watcher path=/Users/michaelcuneo/Desktop/markdown-editor/src/lib/editor/schema/tasklistSchema.ts op=CHMOD
time=2026-04-10T15:11:23.520+10:00 level=INFO msg="INFO msg service=appsync.connection type=ka id=<nil>"
time=2026-04-10T15:12:23.521+10:00 level=INFO msg="INFO msg service=appsync.connection type=ka id=<nil>"
time=2026-04-10T15:13:03.852+10:00 level=INFO msg="ignoring file event" service=watcher path=/Users/michaelcuneo/Desktop/markdown-editor/src/lib/editor/tasks/markdownTaskSupport.ts op=CHMOD
time=2026-04-10T15:13:03.852+10:00 level=INFO msg="file event" service=watcher path=/Users/michaelcuneo/Desktop/markdown-editor/src/lib/editor/tasks/markdownTaskSupport.ts op=WRITE
time=2026-04-10T15:13:03.852+10:00 level=INFO msg="waiting for trigger" service=deployer
time=2026-04-10T15:13:03.852+10:00 level=INFO msg="checking if code needs to be rebuilt" service=aws.function file=/Users/michaelcuneo/Desktop/markdown-editor/src/lib/editor/tasks/markdownTaskSupport.ts
time=2026-04-10T15:13:04.866+10:00 level=INFO msg="ignoring file event" service=watcher path=/Users/michaelcuneo/Desktop/markdown-editor/src/lib/editor/tasks/markdownTaskSupport.ts op=CHMOD
time=2026-04-10T15:13:04.866+10:00 level=INFO msg="file event" service=watcher path=/Users/michaelcuneo/Desktop/markdown-editor/src/lib/editor/tasks/markdownTaskSupport.ts op=WRITE
time=2026-04-10T15:13:04.866+10:00 level=INFO msg="waiting for trigger" service=deployer
time=2026-04-10T15:13:04.866+10:00 level=INFO msg="checking if code needs to be rebuilt" service=aws.function file=/Users/michaelcuneo/Desktop/markdown-editor/src/lib/editor/tasks/markdownTaskSupport.ts
time=2026-04-10T15:13:05.767+10:00 level=INFO msg="ignoring file event" service=watcher path=/Users/michaelcuneo/Desktop/markdown-editor/src/lib/editor/tasks/markdownTaskSupport.ts op=CHMOD
time=2026-04-10T15:13:05.767+10:00 level=INFO msg="file event" service=watcher path=/Users/michaelcuneo/Desktop/markdown-editor/src/lib/editor/tasks/markdownTaskSupport.ts op=WRITE
time=2026-04-10T15:13:05.767+10:00 level=INFO msg="waiting for trigger" service=deployer
time=2026-04-10T15:13:05.767+10:00 level=INFO msg="checking if code needs to be rebuilt" service=aws.function file=/Users/michaelcuneo/Desktop/markdown-editor/src/lib/editor/tasks/markdownTaskSupport.ts
time=2026-04-10T15:13:06.542+10:00 level=INFO msg="ignoring file event" service=watcher path=/Users/michaelcuneo/Desktop/markdown-editor/src/lib/editor/tasks/markdownTaskSupport.ts op=CHMOD
time=2026-04-10T15:13:06.543+10:00 level=INFO msg="file event" service=watcher path=/Users/michaelcuneo/Desktop/markdown-editor/src/lib/editor/tasks/markdownTaskSupport.ts op=WRITE
time=2026-04-10T15:13:06.543+10:00 level=INFO msg="checking if code needs to be rebuilt" service=aws.function file=/Users/michaelcuneo/Desktop/markdown-editor/src/lib/editor/tasks/markdownTaskSupport.ts
time=2026-04-10T15:13:06.543+10:00 level=INFO msg="waiting for trigger" service=deployer
time=2026-04-10T15:13:07.772+10:00 level=INFO msg="ignoring file event" service=watcher path=/Users/michaelcuneo/Desktop/markdown-editor/src/lib/editor/tasks/markdownTaskSupport.ts op=CHMOD
time=2026-04-10T15:13:23.628+10:00 level=INFO msg="INFO msg service=appsync.connection type=ka id=<nil>"
time=2026-04-10T15:14:23.520+10:00 level=INFO msg="INFO msg service=appsync.connection type=ka id=<nil>"
time=2026-04-10T15:14:44.098+10:00 level=INFO msg="ignoring file event" service=watcher path=/Users/michaelcuneo/Desktop/markdown-editor/src/lib/editor/utils/highlightSetup.ts op=CHMOD
time=2026-04-10T15:14:44.098+10:00 level=INFO msg="file event" service=watcher path=/Users/michaelcuneo/Desktop/markdown-editor/src/lib/editor/utils/highlightSetup.ts op=WRITE
time=2026-04-10T15:14:44.098+10:00 level=INFO msg="waiting for trigger" service=deployer
time=2026-04-10T15:14:44.098+10:00 level=INFO msg="checking if code needs to be rebuilt" service=aws.function file=/Users/michaelcuneo/Desktop/markdown-editor/src/lib/editor/utils/highlightSetup.ts
time=2026-04-10T15:14:45.699+10:00 level=INFO msg="ignoring file event" service=watcher path=/Users/michaelcuneo/Desktop/markdown-editor/src/lib/editor/utils/highlightSetup.ts op=CHMOD
time=2026-04-10T15:14:46.281+10:00 level=INFO msg="ignoring file event" service=watcher path=/Users/michaelcuneo/Desktop/markdown-editor/src/lib/editor/utils/highlightSetup.ts op=CHMOD
time=2026-04-10T15:14:46.281+10:00 level=INFO msg="file event" service=watcher path=/Users/michaelcuneo/Desktop/markdown-editor/src/lib/editor/utils/highlightSetup.ts op=WRITE
time=2026-04-10T15:14:46.281+10:00 level=INFO msg="waiting for trigger" service=deployer
time=2026-04-10T15:14:46.281+10:00 level=INFO msg="checking if code needs to be rebuilt" service=aws.function file=/Users/michaelcuneo/Desktop/markdown-editor/src/lib/editor/utils/highlightSetup.ts
time=2026-04-10T15:14:47.514+10:00 level=INFO msg="ignoring file event" service=watcher path=/Users/michaelcuneo/Desktop/markdown-editor/src/lib/editor/utils/highlightSetup.ts op=CHMOD
time=2026-04-10T15:15:23.521+10:00 level=INFO msg="INFO msg service=appsync.connection type=ka id=<nil>"
time=2026-04-10T15:15:34.161+10:00 level=INFO msg="matching dev" service=dev full=/Users/michaelcuneo/Desktop/markdown-editor directory=""
time=2026-04-10T15:15:34.161+10:00 level=INFO msg="loading aws credentials" service=project.env resource=MyWeb role=arn:aws:iam::481588845003:role/markdown-editor-michael-MyWebDevServerRole-mhostvkt
time=2026-04-10T15:15:34.257+10:00 level=INFO msg=dev service=project.env resource=MyWeb links=[]
time=2026-04-10T15:15:34.911+10:00 level=INFO msg="ignoring file event" service=watcher path=/Users/michaelcuneo/Desktop/markdown-editor/static/README.md op=CHMOD
time=2026-04-10T15:15:34.911+10:00 level=INFO msg="ignoring file event" service=watcher path=/Users/michaelcuneo/Desktop/markdown-editor/static/README.md op=CHMOD
time=2026-04-10T15:15:34.911+10:00 level=INFO msg="file event" service=watcher path=/Users/michaelcuneo/Desktop/markdown-editor/static/README.md op=WRITE|CHMOD
time=2026-04-10T15:15:34.911+10:00 level=INFO msg="waiting for trigger" service=deployer
time=2026-04-10T15:15:34.911+10:00 level=INFO msg="checking if code needs to be rebuilt" service=aws.function file=/Users/michaelcuneo/Desktop/markdown-editor/static/README.md
time=2026-04-10T15:15:36.192+10:00 level=INFO msg="ignoring file event" service=watcher path=/Users/michaelcuneo/Desktop/markdown-editor/static/README.md op=CHMOD
time=2026-04-10T15:16:23.520+10:00 level=INFO msg="INFO msg service=appsync.connection type=ka id=<nil>"
time=2026-04-10T15:17:23.551+10:00 level=INFO msg="INFO msg service=appsync.connection type=ka id=<nil>"
time=2026-04-10T15:18:23.546+10:00 level=INFO msg="INFO msg service=appsync.connection type=ka id=<nil>"
time=2026-04-10T15:19:23.520+10:00 level=INFO msg="INFO msg service=appsync.connection type=ka id=<nil>"
time=2026-04-10T15:19:23.671+10:00 level=INFO msg="ignoring file event" service=watcher path=/Users/michaelcuneo/Desktop/markdown-editor/src/lib/editor/utils/useImageSync.ts op=CHMOD
time=2026-04-10T15:19:23.671+10:00 level=INFO msg="file event" service=watcher path=/Users/michaelcuneo/Desktop/markdown-editor/src/lib/editor/utils/useImageSync.ts op=WRITE
time=2026-04-10T15:19:23.671+10:00 level=INFO msg="waiting for trigger" service=deployer
time=2026-04-10T15:19:23.671+10:00 level=INFO msg="checking if code needs to be rebuilt" service=aws.function file=/Users/michaelcuneo/Desktop/markdown-editor/src/lib/editor/utils/useImageSync.ts
time=2026-04-10T15:19:24.903+10:00 level=INFO msg="ignoring file event" service=watcher path=/Users/michaelcuneo/Desktop/markdown-editor/src/lib/editor/utils/useImageSync.ts op=CHMOD
time=2026-04-10T15:19:24.903+10:00 level=INFO msg="file event" service=watcher path=/Users/michaelcuneo/Desktop/markdown-editor/src/lib/editor/utils/useImageSync.ts op=WRITE
time=2026-04-10T15:19:24.903+10:00 level=INFO msg="waiting for trigger" service=deployer
time=2026-04-10T15:19:24.903+10:00 level=INFO msg="checking if code needs to be rebuilt" service=aws.function file=/Users/michaelcuneo/Desktop/markdown-editor/src/lib/editor/utils/useImageSync.ts
time=2026-04-10T15:19:26.190+10:00 level=INFO msg="ignoring file event" service=watcher path=/Users/michaelcuneo/Desktop/markdown-editor/src/lib/editor/utils/useImageSync.ts op=CHMOD
time=2026-04-10T15:20:18.296+10:00 level=INFO msg="ignoring file event" service=watcher path=/Users/michaelcuneo/Desktop/markdown-editor/src/lib/editor/utils/useImageSync.ts op=CHMOD
time=2026-04-10T15:20:18.296+10:00 level=INFO msg="file event" service=watcher path=/Users/michaelcuneo/Desktop/markdown-editor/src/lib/editor/utils/useImageSync.ts op=WRITE
time=2026-04-10T15:20:18.296+10:00 level=INFO msg="waiting for trigger" service=deployer
time=2026-04-10T15:20:18.296+10:00 level=INFO msg="checking if code needs to be rebuilt" service=aws.function file=/Users/michaelcuneo/Desktop/markdown-editor/src/lib/editor/utils/useImageSync.ts
time=2026-04-10T15:20:19.266+10:00 level=INFO msg="ignoring file event" service=watcher path=/Users/michaelcuneo/Desktop/markdown-editor/src/lib/editor/utils/useImageSync.ts op=CHMOD
time=2026-04-10T15:20:19.266+10:00 level=INFO msg="file event" service=watcher path=/Users/michaelcuneo/Desktop/markdown-editor/src/lib/editor/utils/useImageSync.ts op=WRITE
time=2026-04-10T15:20:19.266+10:00 level=INFO msg="waiting for trigger" service=deployer
time=2026-04-10T15:20:19.266+10:00 level=INFO msg="checking if code needs to be rebuilt" service=aws.function file=/Users/michaelcuneo/Desktop/markdown-editor/src/lib/editor/utils/useImageSync.ts
time=2026-04-10T15:20:20.615+10:00 level=INFO msg="ignoring file event" service=watcher path=/Users/michaelcuneo/Desktop/markdown-editor/src/lib/editor/utils/useImageSync.ts op=CHMOD
time=2026-04-10T15:20:23.521+10:00 level=INFO msg="INFO msg service=appsync.connection type=ka id=<nil>"
time=2026-04-10T15:21:23.520+10:00 level=INFO msg="INFO msg service=appsync.connection type=ka id=<nil>"
time=2026-04-10T15:22:17.120+10:00 level=INFO msg="ignoring file event" service=watcher path=/Users/michaelcuneo/Desktop/markdown-editor/src/lib/editor/EditorToolbar.svelte op=CHMOD
time=2026-04-10T15:22:17.120+10:00 level=INFO msg="file event" service=watcher path=/Users/michaelcuneo/Desktop/markdown-editor/src/lib/editor/EditorToolbar.svelte op=WRITE
time=2026-04-10T15:22:17.120+10:00 level=INFO msg="waiting for trigger" service=deployer
time=2026-04-10T15:22:17.120+10:00 level=INFO msg="checking if code needs to be rebuilt" service=aws.function file=/Users/michaelcuneo/Desktop/markdown-editor/src/lib/editor/EditorToolbar.svelte
time=2026-04-10T15:22:17.859+10:00 level=INFO msg="ignoring file event" service=watcher path=/Users/michaelcuneo/Desktop/markdown-editor/src/lib/editor/EditorToolbar.svelte op=CHMOD
time=2026-04-10T15:22:17.859+10:00 level=INFO msg="file event" service=watcher path=/Users/michaelcuneo/Desktop/markdown-editor/src/lib/editor/EditorToolbar.svelte op=WRITE
time=2026-04-10T15:22:17.859+10:00 level=INFO msg="waiting for trigger" service=deployer
time=2026-04-10T15:22:17.859+10:00 level=INFO msg="checking if code needs to be rebuilt" service=aws.function file=/Users/michaelcuneo/Desktop/markdown-editor/src/lib/editor/EditorToolbar.svelte
time=2026-04-10T15:22:19.134+10:00 level=INFO msg="ignoring file event" service=watcher path=/Users/michaelcuneo/Desktop/markdown-editor/src/lib/editor/EditorToolbar.svelte op=CHMOD
time=2026-04-10T15:22:23.522+10:00 level=INFO msg="INFO msg service=appsync.connection type=ka id=<nil>"
time=2026-04-10T15:22:28.393+10:00 level=INFO msg="ignoring file event" service=watcher path=/Users/michaelcuneo/Desktop/markdown-editor/src/lib/editor/EditorToolbar.svelte op=CHMOD
time=2026-04-10T15:22:28.393+10:00 level=INFO msg="file event" service=watcher path=/Users/michaelcuneo/Desktop/markdown-editor/src/lib/editor/EditorToolbar.svelte op=WRITE
time=2026-04-10T15:22:28.393+10:00 level=INFO msg="waiting for trigger" service=deployer
time=2026-04-10T15:22:28.393+10:00 level=INFO msg="checking if code needs to be rebuilt" service=aws.function file=/Users/michaelcuneo/Desktop/markdown-editor/src/lib/editor/EditorToolbar.svelte
time=2026-04-10T15:22:29.980+10:00 level=INFO msg="ignoring file event" service=watcher path=/Users/michaelcuneo/Desktop/markdown-editor/src/lib/editor/EditorToolbar.svelte op=CHMOD
time=2026-04-10T15:22:40.379+10:00 level=INFO msg="ignoring file event" service=watcher path=/Users/michaelcuneo/Desktop/markdown-editor/src/lib/editor/MarkdownEditor.svelte op=CHMOD
time=2026-04-10T15:22:40.379+10:00 level=INFO msg="file event" service=watcher path=/Users/michaelcuneo/Desktop/markdown-editor/src/lib/editor/MarkdownEditor.svelte op=WRITE
time=2026-04-10T15:22:40.379+10:00 level=INFO msg="waiting for trigger" service=deployer
time=2026-04-10T15:22:40.379+10:00 level=INFO msg="checking if code needs to be rebuilt" service=aws.function file=/Users/michaelcuneo/Desktop/markdown-editor/src/lib/editor/MarkdownEditor.svelte
time=2026-04-10T15:22:41.596+10:00 level=INFO msg="ignoring file event" service=watcher path=/Users/michaelcuneo/Desktop/markdown-editor/src/lib/editor/MarkdownEditor.svelte op=CHMOD
time=2026-04-10T15:23:23.521+10:00 level=INFO msg="INFO msg service=appsync.connection type=ka id=<nil>"
time=2026-04-10T15:24:23.520+10:00 level=INFO msg="INFO msg service=appsync.connection type=ka id=<nil>"
time=2026-04-10T15:25:23.521+10:00 level=INFO msg="INFO msg service=appsync.connection type=ka id=<nil>"
time=2026-04-10T15:25:26.208+10:00 level=INFO msg="ignoring file event" service=watcher path=/Users/michaelcuneo/Desktop/markdown-editor/src/lib/editor/MarkdownEditor.svelte op=CHMOD
time=2026-04-10T15:25:26.208+10:00 level=INFO msg="file event" service=watcher path=/Users/michaelcuneo/Desktop/markdown-editor/src/lib/editor/MarkdownEditor.svelte op=WRITE
time=2026-04-10T15:25:26.208+10:00 level=INFO msg="waiting for trigger" service=deployer
time=2026-04-10T15:25:26.208+10:00 level=INFO msg="checking if code needs to be rebuilt" service=aws.function file=/Users/michaelcuneo/Desktop/markdown-editor/src/lib/editor/MarkdownEditor.svelte
time=2026-04-10T15:25:27.624+10:00 level=INFO msg="ignoring file event" service=watcher path=/Users/michaelcuneo/Desktop/markdown-editor/src/lib/editor/MarkdownEditor.svelte op=CHMOD
time=2026-04-10T15:25:50.160+10:00 level=INFO msg="ignoring file event" service=watcher path=/Users/michaelcuneo/Desktop/markdown-editor/src/lib/editor/setupProseMirror.ts op=CHMOD
time=2026-04-10T15:25:50.160+10:00 level=INFO msg="file event" service=watcher path=/Users/michaelcuneo/Desktop/markdown-editor/src/lib/editor/setupProseMirror.ts op=WRITE
time=2026-04-10T15:25:50.160+10:00 level=INFO msg="waiting for trigger" service=deployer
time=2026-04-10T15:25:50.160+10:00 level=INFO msg="checking if code needs to be rebuilt" service=aws.function file=/Users/michaelcuneo/Desktop/markdown-editor/src/lib/editor/setupProseMirror.ts
time=2026-04-10T15:25:51.154+10:00 level=INFO msg="ignoring file event" service=watcher path=/Users/michaelcuneo/Desktop/markdown-editor/src/lib/editor/setupProseMirror.ts op=CHMOD
time=2026-04-10T15:25:51.154+10:00 level=INFO msg="file event" service=watcher path=/Users/michaelcuneo/Desktop/markdown-editor/src/lib/editor/setupProseMirror.ts op=WRITE
time=2026-04-10T15:25:51.154+10:00 level=INFO msg="checking if code needs to be rebuilt" service=aws.function file=/Users/michaelcuneo/Desktop/markdown-editor/src/lib/editor/setupProseMirror.ts
time=2026-04-10T15:25:51.154+10:00 level=INFO msg="waiting for trigger" service=deployer
time=2026-04-10T15:25:52.378+10:00 level=INFO msg="ignoring file event" service=watcher path=/Users/michaelcuneo/Desktop/markdown-editor/src/lib/editor/setupProseMirror.ts op=CHMOD
time=2026-04-10T15:26:23.521+10:00 level=INFO msg="INFO msg service=appsync.connection type=ka id=<nil>"
time=2026-04-10T15:27:23.587+10:00 level=INFO msg="INFO msg service=appsync.connection type=ka id=<nil>"
time=2026-04-10T15:27:57.165+10:00 level=INFO msg="ignoring file event" service=watcher path=/Users/michaelcuneo/Desktop/markdown-editor/src/lib/editor/setupProseMirror.ts op=CHMOD
time=2026-04-10T15:27:57.166+10:00 level=INFO msg="file event" service=watcher path=/Users/michaelcuneo/Desktop/markdown-editor/src/lib/editor/setupProseMirror.ts op=WRITE
time=2026-04-10T15:27:57.166+10:00 level=INFO msg="waiting for trigger" service=deployer
time=2026-04-10T15:27:57.166+10:00 level=INFO msg="checking if code needs to be rebuilt" service=aws.function file=/Users/michaelcuneo/Desktop/markdown-editor/src/lib/editor/setupProseMirror.ts
time=2026-04-10T15:27:58.855+10:00 level=INFO msg="ignoring file event" service=watcher path=/Users/michaelcuneo/Desktop/markdown-editor/src/lib/editor/setupProseMirror.ts op=CHMOD
time=2026-04-10T15:28:17.161+10:00 level=INFO msg="ignoring file event" service=watcher path=/Users/michaelcuneo/Desktop/markdown-editor/src/lib/editor/utils/markdownItTables.ts op=RENAME
time=2026-04-10T15:28:18.381+10:00 level=INFO msg="ignoring file event" service=watcher path=/Users/michaelcuneo/Desktop/markdown-editor/src/lib/editor/setupProseMirror.ts op=CHMOD
time=2026-04-10T15:28:18.381+10:00 level=INFO msg="file event" service=watcher path=/Users/michaelcuneo/Desktop/markdown-editor/src/lib/editor/setupProseMirror.ts op=WRITE
time=2026-04-10T15:28:18.381+10:00 level=INFO msg="waiting for trigger" service=deployer
time=2026-04-10T15:28:18.382+10:00 level=INFO msg="checking if code needs to be rebuilt" service=aws.function file=/Users/michaelcuneo/Desktop/markdown-editor/src/lib/editor/setupProseMirror.ts
time=2026-04-10T15:28:19.842+10:00 level=INFO msg="ignoring file event" service=watcher path=/Users/michaelcuneo/Desktop/markdown-editor/src/lib/editor/setupProseMirror.ts op=CHMOD
time=2026-04-10T15:28:22.618+10:00 level=INFO msg="ignoring file event" service=watcher path=/Users/michaelcuneo/Desktop/markdown-editor/src/lib/editor/tasks/markdownTaskSupport.ts op=CHMOD
time=2026-04-10T15:28:22.619+10:00 level=INFO msg="file event" service=watcher path=/Users/michaelcuneo/Desktop/markdown-editor/src/lib/editor/tasks/markdownTaskSupport.ts op=WRITE
time=2026-04-10T15:28:22.619+10:00 level=INFO msg="waiting for trigger" service=deployer
time=2026-04-10T15:28:22.619+10:00 level=INFO msg="checking if code needs to be rebuilt" service=aws.function file=/Users/michaelcuneo/Desktop/markdown-editor/src/lib/editor/tasks/markdownTaskSupport.ts
time=2026-04-10T15:28:23.526+10:00 level=INFO msg="INFO msg service=appsync.connection type=ka id=<nil>"
time=2026-04-10T15:28:23.842+10:00 level=INFO msg="ignoring file event" service=watcher path=/Users/michaelcuneo/Desktop/markdown-editor/src/lib/editor/tasks/markdownTaskSupport.ts op=CHMOD
time=2026-04-10T15:28:24.919+10:00 level=INFO msg="ignoring file event" service=watcher path=/Users/michaelcuneo/Desktop/markdown-editor/src/lib/editor/tasks/markdownTaskSupport.ts op=CHMOD
time=2026-04-10T15:28:24.919+10:00 level=INFO msg="file event" service=watcher path=/Users/michaelcuneo/Desktop/markdown-editor/src/lib/editor/tasks/markdownTaskSupport.ts op=WRITE
time=2026-04-10T15:28:24.919+10:00 level=INFO msg="waiting for trigger" service=deployer
time=2026-04-10T15:28:24.919+10:00 level=INFO msg="checking if code needs to be rebuilt" service=aws.function file=/Users/michaelcuneo/Desktop/markdown-editor/src/lib/editor/tasks/markdownTaskSupport.ts
time=2026-04-10T15:28:26.314+10:00 level=INFO msg="ignoring file event" service=watcher path=/Users/michaelcuneo/Desktop/markdown-editor/src/lib/editor/tasks/markdownTaskSupport.ts op=CHMOD
time=2026-04-10T15:28:28.393+10:00 level=INFO msg="ignoring file event" service=watcher path=/Users/michaelcuneo/Desktop/markdown-editor/src/lib/editor/tasks/markdownTaskSupport.ts op=CHMOD
time=2026-04-10T15:28:28.393+10:00 level=INFO msg="file event" service=watcher path=/Users/michaelcuneo/Desktop/markdown-editor/src/lib/editor/tasks/markdownTaskSupport.ts op=WRITE
time=2026-04-10T15:28:28.393+10:00 level=INFO msg="waiting for trigger" service=deployer
time=2026-04-10T15:28:28.393+10:00 level=INFO msg="checking if code needs to be rebuilt" service=aws.function file=/Users/michaelcuneo/Desktop/markdown-editor/src/lib/editor/tasks/markdownTaskSupport.ts
time=2026-04-10T15:28:29.631+10:00 level=INFO msg="ignoring file event" service=watcher path=/Users/michaelcuneo/Desktop/markdown-editor/src/lib/editor/tasks/markdownTaskSupport.ts op=CHMOD
time=2026-04-10T15:28:30.798+10:00 level=INFO msg="ignoring file event" service=watcher path=/Users/michaelcuneo/Desktop/markdown-editor/src/lib/editor/plugins/autoSavePlugin.ts op=CHMOD
time=2026-04-10T15:28:30.798+10:00 level=INFO msg="file event" service=watcher path=/Users/michaelcuneo/Desktop/markdown-editor/src/lib/editor/plugins/autoSavePlugin.ts op=WRITE
time=2026-04-10T15:28:30.798+10:00 level=INFO msg="waiting for trigger" service=deployer
time=2026-04-10T15:28:30.798+10:00 level=INFO msg="checking if code needs to be rebuilt" service=aws.function file=/Users/michaelcuneo/Desktop/markdown-editor/src/lib/editor/plugins/autoSavePlugin.ts
time=2026-04-10T15:28:32.094+10:00 level=INFO msg="ignoring file event" service=watcher path=/Users/michaelcuneo/Desktop/markdown-editor/src/lib/editor/plugins/autoSavePlugin.ts op=CHMOD
time=2026-04-10T15:28:39.009+10:00 level=INFO msg="ignoring file event" service=watcher path=/Users/michaelcuneo/Desktop/markdown-editor/src/lib/editor/plugins/autoSavePlugin.ts op=CHMOD
time=2026-04-10T15:28:39.009+10:00 level=INFO msg="file event" service=watcher path=/Users/michaelcuneo/Desktop/markdown-editor/src/lib/editor/plugins/autoSavePlugin.ts op=WRITE
time=2026-04-10T15:28:39.009+10:00 level=INFO msg="waiting for trigger" service=deployer
time=2026-04-10T15:28:39.009+10:00 level=INFO msg="checking if code needs to be rebuilt" service=aws.function file=/Users/michaelcuneo/Desktop/markdown-editor/src/lib/editor/plugins/autoSavePlugin.ts
time=2026-04-10T15:28:40.234+10:00 level=INFO msg="ignoring file event" service=watcher path=/Users/michaelcuneo/Desktop/markdown-editor/src/lib/editor/plugins/autoSavePlugin.ts op=CHMOD
time=2026-04-10T15:29:23.529+10:00 level=INFO msg="INFO msg service=appsync.connection type=ka id=<nil>"
time=2026-04-10T15:30:23.519+10:00 level=INFO msg="INFO msg service=appsync.connection type=ka id=<nil>"
time=2026-04-10T15:30:52.986+10:00 level=INFO msg="ignoring file event" service=watcher path=/Users/michaelcuneo/Desktop/markdown-editor/src/lib/editor/plugins/markdownEnterPlugin.ts op=CHMOD
time=2026-04-10T15:30:52.986+10:00 level=INFO msg="file event" service=watcher path=/Users/michaelcuneo/Desktop/markdown-editor/src/lib/editor/plugins/markdownEnterPlugin.ts op=WRITE
time=2026-04-10T15:30:52.986+10:00 level=INFO msg="waiting for trigger" service=deployer
time=2026-04-10T15:30:52.986+10:00 level=INFO msg="checking if code needs to be rebuilt" service=aws.function file=/Users/michaelcuneo/Desktop/markdown-editor/src/lib/editor/plugins/markdownEnterPlugin.ts
time=2026-04-10T15:30:54.571+10:00 level=INFO msg="ignoring file event" service=watcher path=/Users/michaelcuneo/Desktop/markdown-editor/src/lib/editor/plugins/markdownEnterPlugin.ts op=CHMOD
time=2026-04-10T15:30:55.323+10:00 level=INFO msg="ignoring file event" service=watcher path=/Users/michaelcuneo/Desktop/markdown-editor/src/lib/editor/plugins/markdownEnterPlugin.ts op=CHMOD
time=2026-04-10T15:30:55.323+10:00 level=INFO msg="file event" service=watcher path=/Users/michaelcuneo/Desktop/markdown-editor/src/lib/editor/plugins/markdownEnterPlugin.ts op=WRITE
time=2026-04-10T15:30:55.323+10:00 level=INFO msg="waiting for trigger" service=deployer
time=2026-04-10T15:30:55.323+10:00 level=INFO msg="checking if code needs to be rebuilt" service=aws.function file=/Users/michaelcuneo/Desktop/markdown-editor/src/lib/editor/plugins/markdownEnterPlugin.ts
time=2026-04-10T15:30:57.143+10:00 level=INFO msg="ignoring file event" service=watcher path=/Users/michaelcuneo/Desktop/markdown-editor/src/lib/editor/plugins/markdownEnterPlugin.ts op=CHMOD
time=2026-04-10T15:31:05.911+10:00 level=INFO msg="ignoring file event" service=watcher path=/Users/michaelcuneo/Desktop/markdown-editor/src/lib/editor/plugins/markdownEnterPlugin.ts op=CHMOD
time=2026-04-10T15:31:05.911+10:00 level=INFO msg="file event" service=watcher path=/Users/michaelcuneo/Desktop/markdown-editor/src/lib/editor/plugins/markdownEnterPlugin.ts op=WRITE
time=2026-04-10T15:31:05.911+10:00 level=INFO msg="waiting for trigger" service=deployer
time=2026-04-10T15:31:05.911+10:00 level=INFO msg="checking if code needs to be rebuilt" service=aws.function file=/Users/michaelcuneo/Desktop/markdown-editor/src/lib/editor/plugins/markdownEnterPlugin.ts
time=2026-04-10T15:31:07.495+10:00 level=INFO msg="ignoring file event" service=watcher path=/Users/michaelcuneo/Desktop/markdown-editor/src/lib/editor/plugins/markdownEnterPlugin.ts op=CHMOD
time=2026-04-10T15:31:07.495+10:00 level=INFO msg="file event" service=watcher path=/Users/michaelcuneo/Desktop/markdown-editor/src/lib/editor/plugins/markdownEnterPlugin.ts op=WRITE
time=2026-04-10T15:31:07.495+10:00 level=INFO msg="checking if code needs to be rebuilt" service=aws.function file=/Users/michaelcuneo/Desktop/markdown-editor/src/lib/editor/plugins/markdownEnterPlugin.ts
time=2026-04-10T15:31:07.495+10:00 level=INFO msg="waiting for trigger" service=deployer
time=2026-04-10T15:31:07.515+10:00 level=INFO msg="ignoring file event" service=watcher path=/Users/michaelcuneo/Desktop/markdown-editor/src/lib/editor/plugins/markdownEnterPlugin.ts op=CHMOD
time=2026-04-10T15:31:08.714+10:00 level=INFO msg="ignoring file event" service=watcher path=/Users/michaelcuneo/Desktop/markdown-editor/src/lib/editor/plugins/markdownEnterPlugin.ts op=CHMOD
time=2026-04-10T15:31:23.521+10:00 level=INFO msg="INFO msg service=appsync.connection type=ka id=<nil>"
time=2026-04-10T15:31:32.328+10:00 level=INFO msg="ignoring file event" service=watcher path=/Users/michaelcuneo/Desktop/markdown-editor/src/lib/editor/schema/tasklistSchema.ts op=CHMOD
time=2026-04-10T15:31:32.328+10:00 level=INFO msg="file event" service=watcher path=/Users/michaelcuneo/Desktop/markdown-editor/src/lib/editor/schema/tasklistSchema.ts op=WRITE
time=2026-04-10T15:31:32.328+10:00 level=INFO msg="waiting for trigger" service=deployer
time=2026-04-10T15:31:32.328+10:00 level=INFO msg="checking if code needs to be rebuilt" service=aws.function file=/Users/michaelcuneo/Desktop/markdown-editor/src/lib/editor/schema/tasklistSchema.ts
time=2026-04-10T15:31:33.910+10:00 level=INFO msg="ignoring file event" service=watcher path=/Users/michaelcuneo/Desktop/markdown-editor/src/lib/editor/schema/tasklistSchema.ts op=CHMOD
time=2026-04-10T15:31:41.255+10:00 level=INFO msg="ignoring file event" service=watcher path=/Users/michaelcuneo/Desktop/markdown-editor/src/lib/editor/schema/tasklistSchema.ts op=CHMOD
time=2026-04-10T15:31:41.255+10:00 level=INFO msg="file event" service=watcher path=/Users/michaelcuneo/Desktop/markdown-editor/src/lib/editor/schema/tasklistSchema.ts op=WRITE
time=2026-04-10T15:31:41.255+10:00 level=INFO msg="waiting for trigger" service=deployer
time=2026-04-10T15:31:41.255+10:00 level=INFO msg="checking if code needs to be rebuilt" service=aws.function file=/Users/michaelcuneo/Desktop/markdown-editor/src/lib/editor/schema/tasklistSchema.ts
time=2026-04-10T15:31:42.710+10:00 level=INFO msg="ignoring file event" service=watcher path=/Users/michaelcuneo/Desktop/markdown-editor/src/lib/editor/schema/tasklistSchema.ts op=CHMOD
time=2026-04-10T15:32:02.175+10:00 level=INFO msg="ignoring file event" service=watcher path=/Users/michaelcuneo/Desktop/markdown-editor/src/lib/editor/schema/tasklistSchema.ts op=CHMOD
time=2026-04-10T15:32:02.175+10:00 level=INFO msg="file event" service=watcher path=/Users/michaelcuneo/Desktop/markdown-editor/src/lib/editor/schema/tasklistSchema.ts op=WRITE
time=2026-04-10T15:32:02.175+10:00 level=INFO msg="waiting for trigger" service=deployer
time=2026-04-10T15:32:02.175+10:00 level=INFO msg="checking if code needs to be rebuilt" service=aws.function file=/Users/michaelcuneo/Desktop/markdown-editor/src/lib/editor/schema/tasklistSchema.ts
time=2026-04-10T15:32:03.708+10:00 level=INFO msg="ignoring file event" service=watcher path=/Users/michaelcuneo/Desktop/markdown-editor/src/lib/editor/schema/tasklistSchema.ts op=CHMOD
time=2026-04-10T15:32:04.079+10:00 level=INFO msg="ignoring file event" service=watcher path=/Users/michaelcuneo/Desktop/markdown-editor/src/lib/editor/schema/tasklistSchema.ts op=CHMOD
time=2026-04-10T15:32:04.079+10:00 level=INFO msg="file event" service=watcher path=/Users/michaelcuneo/Desktop/markdown-editor/src/lib/editor/schema/tasklistSchema.ts op=WRITE
time=2026-04-10T15:32:04.079+10:00 level=INFO msg="waiting for trigger" service=deployer
time=2026-04-10T15:32:04.079+10:00 level=INFO msg="checking if code needs to be rebuilt" service=aws.function file=/Users/michaelcuneo/Desktop/markdown-editor/src/lib/editor/schema/tasklistSchema.ts
time=2026-04-10T15:32:05.299+10:00 level=INFO msg="ignoring file event" service=watcher path=/Users/michaelcuneo/Desktop/markdown-editor/src/lib/editor/schema/tasklistSchema.ts op=CHMOD
time=2026-04-10T15:32:20.658+10:00 level=INFO msg="ignoring file event" service=watcher path=/Users/michaelcuneo/Desktop/markdown-editor/src/lib/editor/setupProseMirror.ts op=CHMOD
time=2026-04-10T15:32:20.658+10:00 level=INFO msg="file event" service=watcher path=/Users/michaelcuneo/Desktop/markdown-editor/src/lib/editor/setupProseMirror.ts op=WRITE
time=2026-04-10T15:32:20.658+10:00 level=INFO msg="waiting for trigger" service=deployer
time=2026-04-10T15:32:20.658+10:00 level=INFO msg="checking if code needs to be rebuilt" service=aws.function file=/Users/michaelcuneo/Desktop/markdown-editor/src/lib/editor/setupProseMirror.ts
time=2026-04-10T15:32:22.325+10:00 level=INFO msg="ignoring file event" service=watcher path=/Users/michaelcuneo/Desktop/markdown-editor/src/lib/editor/setupProseMirror.ts op=CHMOD
time=2026-04-10T15:32:23.550+10:00 level=INFO msg="INFO msg service=appsync.connection type=ka id=<nil>"
time=2026-04-10T15:32:24.139+10:00 level=INFO msg="ignoring file event" service=watcher path=/Users/michaelcuneo/Desktop/markdown-editor/src/lib/editor/setupProseMirror.ts op=CHMOD
time=2026-04-10T15:32:24.139+10:00 level=INFO msg="file event" service=watcher path=/Users/michaelcuneo/Desktop/markdown-editor/src/lib/editor/setupProseMirror.ts op=WRITE
time=2026-04-10T15:32:24.140+10:00 level=INFO msg="waiting for trigger" service=deployer
time=2026-04-10T15:32:24.140+10:00 level=INFO msg="checking if code needs to be rebuilt" service=aws.function file=/Users/michaelcuneo/Desktop/markdown-editor/src/lib/editor/setupProseMirror.ts
time=2026-04-10T15:32:25.744+10:00 level=INFO msg="ignoring file event" service=watcher path=/Users/michaelcuneo/Desktop/markdown-editor/src/lib/editor/setupProseMirror.ts op=CHMOD
time=2026-04-10T15:32:26.069+10:00 level=INFO msg="ignoring file event" service=watcher path=/Users/michaelcuneo/Desktop/markdown-editor/src/lib/editor/setupProseMirror.ts op=CHMOD
time=2026-04-10T15:32:26.069+10:00 level=INFO msg="file event" service=watcher path=/Users/michaelcuneo/Desktop/markdown-editor/src/lib/editor/setupProseMirror.ts op=WRITE
time=2026-04-10T15:32:26.069+10:00 level=INFO msg="waiting for trigger" service=deployer
time=2026-04-10T15:32:26.069+10:00 level=INFO msg="checking if code needs to be rebuilt" service=aws.function file=/Users/michaelcuneo/Desktop/markdown-editor/src/lib/editor/setupProseMirror.ts
time=2026-04-10T15:32:27.358+10:00 level=INFO msg="ignoring file event" service=watcher path=/Users/michaelcuneo/Desktop/markdown-editor/src/lib/editor/setupProseMirror.ts op=CHMOD
time=2026-04-10T15:32:37.354+10:00 level=INFO msg="ignoring file event" service=watcher path=/Users/michaelcuneo/Desktop/markdown-editor/src/lib/editor/setupProseMirror.ts op=CHMOD
time=2026-04-10T15:32:37.354+10:00 level=INFO msg="file event" service=watcher path=/Users/michaelcuneo/Desktop/markdown-editor/src/lib/editor/setupProseMirror.ts op=WRITE
time=2026-04-10T15:32:37.354+10:00 level=INFO msg="waiting for trigger" service=deployer
time=2026-04-10T15:32:37.354+10:00 level=INFO msg="checking if code needs to be rebuilt" service=aws.function file=/Users/michaelcuneo/Desktop/markdown-editor/src/lib/editor/setupProseMirror.ts
time=2026-04-10T15:32:38.685+10:00 level=INFO msg="ignoring file event" service=watcher path=/Users/michaelcuneo/Desktop/markdown-editor/src/lib/editor/setupProseMirror.ts op=CHMOD
time=2026-04-10T15:33:10.292+10:00 level=INFO msg="ignoring file event" service=watcher path=/Users/michaelcuneo/Desktop/markdown-editor/src/lib/editor/setupProseMirror.ts op=CHMOD
time=2026-04-10T15:33:10.292+10:00 level=INFO msg="file event" service=watcher path=/Users/michaelcuneo/Desktop/markdown-editor/src/lib/editor/setupProseMirror.ts op=WRITE
time=2026-04-10T15:33:10.292+10:00 level=INFO msg="waiting for trigger" service=deployer
time=2026-04-10T15:33:10.292+10:00 level=INFO msg="checking if code needs to be rebuilt" service=aws.function file=/Users/michaelcuneo/Desktop/markdown-editor/src/lib/editor/setupProseMirror.ts
time=2026-04-10T15:33:11.952+10:00 level=INFO msg="ignoring file event" service=watcher path=/Users/michaelcuneo/Desktop/markdown-editor/src/lib/editor/setupProseMirror.ts op=CHMOD
time=2026-04-10T15:33:14.710+10:00 level=INFO msg="ignoring file event" service=watcher path=/Users/michaelcuneo/Desktop/markdown-editor/src/lib/editor/setupProseMirror.ts op=CHMOD
time=2026-04-10T15:33:14.710+10:00 level=INFO msg="file event" service=watcher path=/Users/michaelcuneo/Desktop/markdown-editor/src/lib/editor/setupProseMirror.ts op=WRITE
time=2026-04-10T15:33:14.710+10:00 level=INFO msg="checking if code needs to be rebuilt" service=aws.function file=/Users/michaelcuneo/Desktop/markdown-editor/src/lib/editor/setupProseMirror.ts
time=2026-04-10T15:33:14.710+10:00 level=INFO msg="waiting for trigger" service=deployer
time=2026-04-10T15:33:16.916+10:00 level=INFO msg="ignoring file event" service=watcher path=/Users/michaelcuneo/Desktop/markdown-editor/src/lib/editor/setupProseMirror.ts op=CHMOD
time=2026-04-10T15:33:17.884+10:00 level=INFO msg="ignoring file event" service=watcher path=/Users/michaelcuneo/Desktop/markdown-editor/src/lib/editor/setupProseMirror.ts op=CHMOD
time=2026-04-10T15:33:17.884+10:00 level=INFO msg="file event" service=watcher path=/Users/michaelcuneo/Desktop/markdown-editor/src/lib/editor/setupProseMirror.ts op=WRITE
time=2026-04-10T15:33:17.884+10:00 level=INFO msg="waiting for trigger" service=deployer
time=2026-04-10T15:33:17.884+10:00 level=INFO msg="checking if code needs to be rebuilt" service=aws.function file=/Users/michaelcuneo/Desktop/markdown-editor/src/lib/editor/setupProseMirror.ts
time=2026-04-10T15:33:19.131+10:00 level=INFO msg="ignoring file event" service=watcher path=/Users/michaelcuneo/Desktop/markdown-editor/src/lib/editor/setupProseMirror.ts op=CHMOD
time=2026-04-10T15:33:19.132+10:00 level=INFO msg="file event" service=watcher path=/Users/michaelcuneo/Desktop/markdown-editor/src/lib/editor/setupProseMirror.ts op=WRITE
time=2026-04-10T15:33:19.132+10:00 level=INFO msg="waiting for trigger" service=deployer
time=2026-04-10T15:33:19.132+10:00 level=INFO msg="checking if code needs to be rebuilt" service=aws.function file=/Users/michaelcuneo/Desktop/markdown-editor/src/lib/editor/setupProseMirror.ts
time=2026-04-10T15:33:20.361+10:00 level=INFO msg="ignoring file event" service=watcher path=/Users/michaelcuneo/Desktop/markdown-editor/src/lib/editor/setupProseMirror.ts op=CHMOD
time=2026-04-10T15:33:21.916+10:00 level=INFO msg="ignoring file event" service=watcher path=/Users/michaelcuneo/Desktop/markdown-editor/src/lib/editor/setupProseMirror.ts op=CHMOD
time=2026-04-10T15:33:21.916+10:00 level=INFO msg="file event" service=watcher path=/Users/michaelcuneo/Desktop/markdown-editor/src/lib/editor/setupProseMirror.ts op=WRITE
time=2026-04-10T15:33:21.916+10:00 level=INFO msg="waiting for trigger" service=deployer
time=2026-04-10T15:33:21.916+10:00 level=INFO msg="checking if code needs to be rebuilt" service=aws.function file=/Users/michaelcuneo/Desktop/markdown-editor/src/lib/editor/setupProseMirror.ts
time=2026-04-10T15:33:22.982+10:00 level=INFO msg="ignoring file event" service=watcher path=/Users/michaelcuneo/Desktop/markdown-editor/src/lib/editor/setupProseMirror.ts op=CHMOD
time=2026-04-10T15:33:22.982+10:00 level=INFO msg="file event" service=watcher path=/Users/michaelcuneo/Desktop/markdown-editor/src/lib/editor/setupProseMirror.ts op=WRITE
time=2026-04-10T15:33:22.982+10:00 level=INFO msg="waiting for trigger" service=deployer
time=2026-04-10T15:33:22.982+10:00 level=INFO msg="checking if code needs to be rebuilt" service=aws.function file=/Users/michaelcuneo/Desktop/markdown-editor/src/lib/editor/setupProseMirror.ts
time=2026-04-10T15:33:23.519+10:00 level=INFO msg="INFO msg service=appsync.connection type=ka id=<nil>"
time=2026-04-10T15:33:25.220+10:00 level=INFO msg="ignoring file event" service=watcher path=/Users/michaelcuneo/Desktop/markdown-editor/src/lib/editor/setupProseMirror.ts op=CHMOD
time=2026-04-10T15:33:25.220+10:00 level=INFO msg="file event" service=watcher path=/Users/michaelcuneo/Desktop/markdown-editor/src/lib/editor/setupProseMirror.ts op=WRITE
time=2026-04-10T15:33:25.220+10:00 level=INFO msg="waiting for trigger" service=deployer
time=2026-04-10T15:33:25.220+10:00 level=INFO msg="checking if code needs to be rebuilt" service=aws.function file=/Users/michaelcuneo/Desktop/markdown-editor/src/lib/editor/setupProseMirror.ts
time=2026-04-10T15:33:26.230+10:00 level=INFO msg="ignoring file event" service=watcher path=/Users/michaelcuneo/Desktop/markdown-editor/src/lib/editor/setupProseMirror.ts op=CHMOD
time=2026-04-10T15:33:26.230+10:00 level=INFO msg="file event" service=watcher path=/Users/michaelcuneo/Desktop/markdown-editor/src/lib/editor/setupProseMirror.ts op=WRITE
time=2026-04-10T15:33:26.230+10:00 level=INFO msg="waiting for trigger" service=deployer
time=2026-04-10T15:33:26.230+10:00 level=INFO msg="checking if code needs to be rebuilt" service=aws.function file=/Users/michaelcuneo/Desktop/markdown-editor/src/lib/editor/setupProseMirror.ts
time=2026-04-10T15:33:28.897+10:00 level=INFO msg="ignoring file event" service=watcher path=/Users/michaelcuneo/Desktop/markdown-editor/src/lib/editor/setupProseMirror.ts op=CHMOD
time=2026-04-10T15:33:28.898+10:00 level=INFO msg="file event" service=watcher path=/Users/michaelcuneo/Desktop/markdown-editor/src/lib/editor/setupProseMirror.ts op=WRITE
time=2026-04-10T15:33:28.898+10:00 level=INFO msg="checking if code needs to be rebuilt" service=aws.function file=/Users/michaelcuneo/Desktop/markdown-editor/src/lib/editor/setupProseMirror.ts
time=2026-04-10T15:33:28.898+10:00 level=INFO msg="waiting for trigger" service=deployer
time=2026-04-10T15:33:36.975+10:00 level=INFO msg="ignoring file event" service=watcher path=/Users/michaelcuneo/Desktop/markdown-editor/src/lib/editor/setupProseMirror.ts op=CHMOD
time=2026-04-10T15:33:36.975+10:00 level=INFO msg="file event" service=watcher path=/Users/michaelcuneo/Desktop/markdown-editor/src/lib/editor/setupProseMirror.ts op=WRITE
time=2026-04-10T15:33:36.975+10:00 level=INFO msg="waiting for trigger" service=deployer
time=2026-04-10T15:33:36.975+10:00 level=INFO msg="checking if code needs to be rebuilt" service=aws.function file=/Users/michaelcuneo/Desktop/markdown-editor/src/lib/editor/setupProseMirror.ts
time=2026-04-10T15:33:45.406+10:00 level=INFO msg="ignoring file event" service=watcher path=/Users/michaelcuneo/Desktop/markdown-editor/src/lib/editor/setupProseMirror.ts op=CHMOD
time=2026-04-10T15:33:45.406+10:00 level=INFO msg="file event" service=watcher path=/Users/michaelcuneo/Desktop/markdown-editor/src/lib/editor/setupProseMirror.ts op=WRITE
time=2026-04-10T15:33:45.406+10:00 level=INFO msg="waiting for trigger" service=deployer
time=2026-04-10T15:33:45.406+10:00 level=INFO msg="checking if code needs to be rebuilt" service=aws.function file=/Users/michaelcuneo/Desktop/markdown-editor/src/lib/editor/setupProseMirror.ts
time=2026-04-10T15:33:47.841+10:00 level=INFO msg="ignoring file event" service=watcher path=/Users/michaelcuneo/Desktop/markdown-editor/src/lib/editor/setupProseMirror.ts op=CHMOD
time=2026-04-10T15:33:47.842+10:00 level=INFO msg="file event" service=watcher path=/Users/michaelcuneo/Desktop/markdown-editor/src/lib/editor/setupProseMirror.ts op=WRITE
time=2026-04-10T15:33:47.842+10:00 level=INFO msg="waiting for trigger" service=deployer
time=2026-04-10T15:33:47.842+10:00 level=INFO msg="checking if code needs to be rebuilt" service=aws.function file=/Users/michaelcuneo/Desktop/markdown-editor/src/lib/editor/setupProseMirror.ts
time=2026-04-10T15:33:49.036+10:00 level=INFO msg="ignoring file event" service=watcher path=/Users/michaelcuneo/Desktop/markdown-editor/src/lib/editor/setupProseMirror.ts op=CHMOD
time=2026-04-10T15:33:49.036+10:00 level=INFO msg="file event" service=watcher path=/Users/michaelcuneo/Desktop/markdown-editor/src/lib/editor/setupProseMirror.ts op=WRITE
time=2026-04-10T15:33:49.036+10:00 level=INFO msg="waiting for trigger" service=deployer
time=2026-04-10T15:33:49.036+10:00 level=INFO msg="checking if code needs to be rebuilt" service=aws.function file=/Users/michaelcuneo/Desktop/markdown-editor/src/lib/editor/setupProseMirror.ts
time=2026-04-10T15:33:49.554+10:00 level=INFO msg="ignoring file event" service=watcher path=/Users/michaelcuneo/Desktop/markdown-editor/src/lib/editor/setupProseMirror.ts op=CHMOD
time=2026-04-10T15:33:49.555+10:00 level=INFO msg="file event" service=watcher path=/Users/michaelcuneo/Desktop/markdown-editor/src/lib/editor/setupProseMirror.ts op=WRITE
time=2026-04-10T15:33:49.555+10:00 level=INFO msg="waiting for trigger" service=deployer
time=2026-04-10T15:33:49.555+10:00 level=INFO msg="checking if code needs to be rebuilt" service=aws.function file=/Users/michaelcuneo/Desktop/markdown-editor/src/lib/editor/setupProseMirror.ts
time=2026-04-10T15:34:03.537+10:00 level=INFO msg="ignoring file event" service=watcher path=/Users/michaelcuneo/Desktop/markdown-editor/src/lib/editor/setupProseMirror.ts op=CHMOD
time=2026-04-10T15:34:04.384+10:00 level=INFO msg="ignoring file event" service=watcher path=/Users/michaelcuneo/Desktop/markdown-editor/src/lib/editor/EditorToolbar.svelte op=CHMOD
time=2026-04-10T15:34:04.384+10:00 level=INFO msg="file event" service=watcher path=/Users/michaelcuneo/Desktop/markdown-editor/src/lib/editor/EditorToolbar.svelte op=WRITE
time=2026-04-10T15:34:04.384+10:00 level=INFO msg="waiting for trigger" service=deployer
time=2026-04-10T15:34:04.384+10:00 level=INFO msg="checking if code needs to be rebuilt" service=aws.function file=/Users/michaelcuneo/Desktop/markdown-editor/src/lib/editor/EditorToolbar.svelte
time=2026-04-10T15:34:05.866+10:00 level=INFO msg="ignoring file event" service=watcher path=/Users/michaelcuneo/Desktop/markdown-editor/src/lib/editor/EditorToolbar.svelte op=CHMOD
time=2026-04-10T15:34:05.866+10:00 level=INFO msg="file event" service=watcher path=/Users/michaelcuneo/Desktop/markdown-editor/src/lib/editor/EditorToolbar.svelte op=WRITE
time=2026-04-10T15:34:05.866+10:00 level=INFO msg="waiting for trigger" service=deployer
time=2026-04-10T15:34:05.866+10:00 level=INFO msg="checking if code needs to be rebuilt" service=aws.function file=/Users/michaelcuneo/Desktop/markdown-editor/src/lib/editor/EditorToolbar.svelte
time=2026-04-10T15:34:07.509+10:00 level=INFO msg="ignoring file event" service=watcher path=/Users/michaelcuneo/Desktop/markdown-editor/src/lib/editor/EditorToolbar.svelte op=CHMOD
time=2026-04-10T15:34:23.520+10:00 level=INFO msg="INFO msg service=appsync.connection type=ka id=<nil>"
time=2026-04-10T15:35:23.569+10:00 level=INFO msg="INFO msg service=appsync.connection type=ka id=<nil>"
time=2026-04-10T15:36:23.568+10:00 level=INFO msg="INFO msg service=appsync.connection type=ka id=<nil>"
time=2026-04-10T15:37:23.520+10:00 level=INFO msg="INFO msg service=appsync.connection type=ka id=<nil>"
time=2026-04-10T15:37:48.618+10:00 level=INFO msg="ignoring file event" service=watcher path=/Users/michaelcuneo/Desktop/markdown-editor/src/lib/editor/plugins/autoSavePlugin.ts op=CHMOD
time=2026-04-10T15:37:48.618+10:00 level=INFO msg="file event" service=watcher path=/Users/michaelcuneo/Desktop/markdown-editor/src/lib/editor/plugins/autoSavePlugin.ts op=WRITE
time=2026-04-10T15:37:48.618+10:00 level=INFO msg="waiting for trigger" service=deployer
time=2026-04-10T15:37:48.618+10:00 level=INFO msg="checking if code needs to be rebuilt" service=aws.function file=/Users/michaelcuneo/Desktop/markdown-editor/src/lib/editor/plugins/autoSavePlugin.ts
time=2026-04-10T15:37:49.805+10:00 level=INFO msg="ignoring file event" service=watcher path=/Users/michaelcuneo/Desktop/markdown-editor/src/lib/editor/plugins/autoSavePlugin.ts op=CHMOD
time=2026-04-10T15:37:49.805+10:00 level=INFO msg="file event" service=watcher path=/Users/michaelcuneo/Desktop/markdown-editor/src/lib/editor/plugins/autoSavePlugin.ts op=WRITE
time=2026-04-10T15:37:49.805+10:00 level=INFO msg="waiting for trigger" service=deployer
time=2026-04-10T15:37:49.805+10:00 level=INFO msg="checking if code needs to be rebuilt" service=aws.function file=/Users/michaelcuneo/Desktop/markdown-editor/src/lib/editor/plugins/autoSavePlugin.ts
time=2026-04-10T15:37:51.286+10:00 level=INFO msg="ignoring file event" service=watcher path=/Users/michaelcuneo/Desktop/markdown-editor/src/lib/editor/plugins/autoSavePlugin.ts op=CHMOD
time=2026-04-10T15:37:52.533+10:00 level=INFO msg="ignoring file event" service=watcher path=/Users/michaelcuneo/Desktop/markdown-editor/src/lib/editor/plugins/codemirrorBlockPlugin.ts op=CHMOD
time=2026-04-10T15:37:52.533+10:00 level=INFO msg="file event" service=watcher path=/Users/michaelcuneo/Desktop/markdown-editor/src/lib/editor/plugins/codemirrorBlockPlugin.ts op=WRITE
time=2026-04-10T15:37:52.533+10:00 level=INFO msg="waiting for trigger" service=deployer
time=2026-04-10T15:37:52.533+10:00 level=INFO msg="checking if code needs to be rebuilt" service=aws.function file=/Users/michaelcuneo/Desktop/markdown-editor/src/lib/editor/plugins/codemirrorBlockPlugin.ts
time=2026-04-10T15:37:54.026+10:00 level=INFO msg="ignoring file event" service=watcher path=/Users/michaelcuneo/Desktop/markdown-editor/src/lib/editor/plugins/codemirrorBlockPlugin.ts op=CHMOD
time=2026-04-10T15:38:23.521+10:00 level=INFO msg="INFO msg service=appsync.connection type=ka id=<nil>"
time=2026-04-10T15:39:23.595+10:00 level=INFO msg="INFO msg service=appsync.connection type=ka id=<nil>"
time=2026-04-10T15:40:23.601+10:00 level=INFO msg="INFO msg service=appsync.connection type=ka id=<nil>"
time=2026-04-10T15:41:23.608+10:00 level=INFO msg="INFO msg service=appsync.connection type=ka id=<nil>"
time=2026-04-10T15:42:23.616+10:00 level=INFO msg="INFO msg service=appsync.connection type=ka id=<nil>"
time=2026-04-10T15:43:23.623+10:00 level=INFO msg="INFO msg service=appsync.connection type=ka id=<nil>"
time=2026-04-10T15:44:23.629+10:00 level=INFO msg="INFO msg service=appsync.connection type=ka id=<nil>"
time=2026-04-10T15:45:23.533+10:00 level=INFO msg="INFO msg service=appsync.connection type=ka id=<nil>"
time=2026-04-10T15:46:23.540+10:00 level=INFO msg="INFO msg service=appsync.connection type=ka id=<nil>"
time=2026-04-10T15:47:23.548+10:00 level=INFO msg="INFO msg service=appsync.connection type=ka id=<nil>"
time=2026-04-10T15:48:23.568+10:00 level=INFO msg="INFO msg service=appsync.connection type=ka id=<nil>"
time=2026-04-10T15:49:23.521+10:00 level=INFO msg="INFO msg service=appsync.connection type=ka id=<nil>"
time=2026-04-10T15:49:57.305+10:00 level=INFO msg="ignoring file event" service=watcher path=/Users/michaelcuneo/Desktop/markdown-editor/src/lib/editor/plugins/codemirrorBlockPlugin.ts op=CHMOD
time=2026-04-10T15:49:57.305+10:00 level=INFO msg="file event" service=watcher path=/Users/michaelcuneo/Desktop/markdown-editor/src/lib/editor/plugins/codemirrorBlockPlugin.ts op=WRITE
time=2026-04-10T15:49:57.305+10:00 level=INFO msg="waiting for trigger" service=deployer
time=2026-04-10T15:49:57.305+10:00 level=INFO msg="checking if code needs to be rebuilt" service=aws.function file=/Users/michaelcuneo/Desktop/markdown-editor/src/lib/editor/plugins/codemirrorBlockPlugin.ts
time=2026-04-10T15:49:58.703+10:00 level=INFO msg="ignoring file event" service=watcher path=/Users/michaelcuneo/Desktop/markdown-editor/src/lib/editor/plugins/codemirrorBlockPlugin.ts op=CHMOD
time=2026-04-10T15:49:58.838+10:00 level=INFO msg="ignoring file event" service=watcher path=/Users/michaelcuneo/Desktop/markdown-editor/src/lib/editor/plugins/codemirrorBlockPlugin.ts op=CHMOD
time=2026-04-10T15:49:58.838+10:00 level=INFO msg="file event" service=watcher path=/Users/michaelcuneo/Desktop/markdown-editor/src/lib/editor/plugins/codemirrorBlockPlugin.ts op=WRITE
time=2026-04-10T15:49:58.838+10:00 level=INFO msg="waiting for trigger" service=deployer
time=2026-04-10T15:49:58.838+10:00 level=INFO msg="checking if code needs to be rebuilt" service=aws.function file=/Users/michaelcuneo/Desktop/markdown-editor/src/lib/editor/plugins/codemirrorBlockPlugin.ts
time=2026-04-10T15:50:00.123+10:00 level=INFO msg="ignoring file event" service=watcher path=/Users/michaelcuneo/Desktop/markdown-editor/src/lib/editor/plugins/codemirrorBlockPlugin.ts op=CHMOD
time=2026-04-10T15:50:23.520+10:00 level=INFO msg="INFO msg service=appsync.connection type=ka id=<nil>"
time=2026-04-10T15:51:23.573+10:00 level=INFO msg="INFO msg service=appsync.connection type=ka id=<nil>"
time=2026-04-10T15:51:58.836+10:00 level=INFO msg="ignoring file event" service=watcher path=/Users/michaelcuneo/Desktop/markdown-editor/src/lib/editor/plugins/codemirrorBlockPlugin.ts op=CHMOD
time=2026-04-10T15:51:58.837+10:00 level=INFO msg="file event" service=watcher path=/Users/michaelcuneo/Desktop/markdown-editor/src/lib/editor/plugins/codemirrorBlockPlugin.ts op=WRITE
time=2026-04-10T15:51:58.837+10:00 level=INFO msg="checking if code needs to be rebuilt" service=aws.function file=/Users/michaelcuneo/Desktop/markdown-editor/src/lib/editor/plugins/codemirrorBlockPlugin.ts
time=2026-04-10T15:51:58.837+10:00 level=INFO msg="waiting for trigger" service=deployer
time=2026-04-10T15:52:00.526+10:00 level=INFO msg="ignoring file event" service=watcher path=/Users/michaelcuneo/Desktop/markdown-editor/src/lib/editor/plugins/codemirrorBlockPlugin.ts op=CHMOD
time=2026-04-10T15:52:06.864+10:00 level=INFO msg="ignoring file event" service=watcher path=/Users/michaelcuneo/Desktop/markdown-editor/src/lib/editor/plugins/codemirrorBlockPlugin.ts op=CHMOD
time=2026-04-10T15:52:06.864+10:00 level=INFO msg="file event" service=watcher path=/Users/michaelcuneo/Desktop/markdown-editor/src/lib/editor/plugins/codemirrorBlockPlugin.ts op=WRITE
time=2026-04-10T15:52:06.865+10:00 level=INFO msg="waiting for trigger" service=deployer
time=2026-04-10T15:52:06.865+10:00 level=INFO msg="checking if code needs to be rebuilt" service=aws.function file=/Users/michaelcuneo/Desktop/markdown-editor/src/lib/editor/plugins/codemirrorBlockPlugin.ts
time=2026-04-10T15:52:08.459+10:00 level=INFO msg="ignoring file event" service=watcher path=/Users/michaelcuneo/Desktop/markdown-editor/src/lib/editor/plugins/codemirrorBlockPlugin.ts op=CHMOD
time=2026-04-10T15:52:08.833+10:00 level=INFO msg="ignoring file event" service=watcher path=/Users/michaelcuneo/Desktop/markdown-editor/src/lib/editor/plugins/codemirrorBlockPlugin.ts op=CHMOD
time=2026-04-10T15:52:08.833+10:00 level=INFO msg="file event" service=watcher path=/Users/michaelcuneo/Desktop/markdown-editor/src/lib/editor/plugins/codemirrorBlockPlugin.ts op=WRITE
time=2026-04-10T15:52:08.833+10:00 level=INFO msg="waiting for trigger" service=deployer
time=2026-04-10T15:52:08.833+10:00 level=INFO msg="checking if code needs to be rebuilt" service=aws.function file=/Users/michaelcuneo/Desktop/markdown-editor/src/lib/editor/plugins/codemirrorBlockPlugin.ts
time=2026-04-10T15:52:10.058+10:00 level=INFO msg="ignoring file event" service=watcher path=/Users/michaelcuneo/Desktop/markdown-editor/src/lib/editor/plugins/codemirrorBlockPlugin.ts op=CHMOD
time=2026-04-10T15:52:23.580+10:00 level=INFO msg="INFO msg service=appsync.connection type=ka id=<nil>"
time=2026-04-10T15:53:23.589+10:00 level=INFO msg="INFO msg service=appsync.connection type=ka id=<nil>"
time=2026-04-10T15:54:18.894+10:00 level=INFO msg="ignoring file event" service=watcher path=/Users/michaelcuneo/Desktop/markdown-editor/src/lib/editor/plugins/imageDropPlugin.ts op=CHMOD
time=2026-04-10T15:54:18.896+10:00 level=INFO msg="file event" service=watcher path=/Users/michaelcuneo/Desktop/markdown-editor/src/lib/editor/plugins/imageDropPlugin.ts op=WRITE
time=2026-04-10T15:54:18.896+10:00 level=INFO msg="checking if code needs to be rebuilt" service=aws.function file=/Users/michaelcuneo/Desktop/markdown-editor/src/lib/editor/plugins/imageDropPlugin.ts
time=2026-04-10T15:54:18.896+10:00 level=INFO msg="waiting for trigger" service=deployer
time=2026-04-10T15:54:20.861+10:00 level=INFO msg="ignoring file event" service=watcher path=/Users/michaelcuneo/Desktop/markdown-editor/src/lib/editor/plugins/imageDropPlugin.ts op=CHMOD
time=2026-04-10T15:54:23.519+10:00 level=INFO msg="INFO msg service=appsync.connection type=ka id=<nil>"
time=2026-04-10T15:54:39.434+10:00 level=INFO msg="ignoring file event" service=watcher path=/Users/michaelcuneo/Desktop/markdown-editor/src/lib/editor/plugins/codemirrorBlockPlugin.ts op=CHMOD
time=2026-04-10T15:54:39.434+10:00 level=INFO msg="file event" service=watcher path=/Users/michaelcuneo/Desktop/markdown-editor/src/lib/editor/plugins/codemirrorBlockPlugin.ts op=WRITE
time=2026-04-10T15:54:39.434+10:00 level=INFO msg="waiting for trigger" service=deployer
time=2026-04-10T15:54:39.434+10:00 level=INFO msg="checking if code needs to be rebuilt" service=aws.function file=/Users/michaelcuneo/Desktop/markdown-editor/src/lib/editor/plugins/codemirrorBlockPlugin.ts
time=2026-04-10T15:54:41.003+10:00 level=INFO msg="ignoring file event" service=watcher path=/Users/michaelcuneo/Desktop/markdown-editor/src/lib/editor/plugins/codemirrorBlockPlugin.ts op=CHMOD
time=2026-04-10T15:54:41.003+10:00 level=INFO msg="file event" service=watcher path=/Users/michaelcuneo/Desktop/markdown-editor/src/lib/editor/plugins/codemirrorBlockPlugin.ts op=WRITE
time=2026-04-10T15:54:41.003+10:00 level=INFO msg="waiting for trigger" service=deployer
time=2026-04-10T15:54:41.003+10:00 level=INFO msg="checking if code needs to be rebuilt" service=aws.function file=/Users/michaelcuneo/Desktop/markdown-editor/src/lib/editor/plugins/codemirrorBlockPlugin.ts
time=2026-04-10T15:54:41.107+10:00 level=INFO msg="ignoring file event" service=watcher path=/Users/michaelcuneo/Desktop/markdown-editor/src/lib/editor/plugins/codemirrorBlockPlugin.ts op=CHMOD
time=2026-04-10T15:54:42.235+10:00 level=INFO msg="ignoring file event" service=watcher path=/Users/michaelcuneo/Desktop/markdown-editor/src/lib/editor/plugins/codemirrorBlockPlugin.ts op=CHMOD
time=2026-04-10T15:55:23.521+10:00 level=INFO msg="INFO msg service=appsync.connection type=ka id=<nil>"
time=2026-04-10T15:55:33.719+10:00 level=INFO msg="ignoring file event" service=watcher path=/Users/michaelcuneo/Desktop/markdown-editor/src/lib/editor/plugins/codemirrorBlockPlugin.ts op=CHMOD
time=2026-04-10T15:55:33.719+10:00 level=INFO msg="file event" service=watcher path=/Users/michaelcuneo/Desktop/markdown-editor/src/lib/editor/plugins/codemirrorBlockPlugin.ts op=WRITE
time=2026-04-10T15:55:33.719+10:00 level=INFO msg="waiting for trigger" service=deployer
time=2026-04-10T15:55:33.719+10:00 level=INFO msg="checking if code needs to be rebuilt" service=aws.function file=/Users/michaelcuneo/Desktop/markdown-editor/src/lib/editor/plugins/codemirrorBlockPlugin.ts
time=2026-04-10T15:55:34.964+10:00 level=INFO msg="ignoring file event" service=watcher path=/Users/michaelcuneo/Desktop/markdown-editor/src/lib/editor/plugins/codemirrorBlockPlugin.ts op=CHMOD
time=2026-04-10T15:55:40.281+10:00 level=INFO msg="ignoring file event" service=watcher path=/Users/michaelcuneo/Desktop/markdown-editor/src/lib/editor/plugins/codemirrorBlockPlugin.ts op=CHMOD
time=2026-04-10T15:55:40.281+10:00 level=INFO msg="file event" service=watcher path=/Users/michaelcuneo/Desktop/markdown-editor/src/lib/editor/plugins/codemirrorBlockPlugin.ts op=WRITE
time=2026-04-10T15:55:40.281+10:00 level=INFO msg="waiting for trigger" service=deployer
time=2026-04-10T15:55:40.282+10:00 level=INFO msg="checking if code needs to be rebuilt" service=aws.function file=/Users/michaelcuneo/Desktop/markdown-editor/src/lib/editor/plugins/codemirrorBlockPlugin.ts
time=2026-04-10T15:55:41.195+10:00 level=INFO msg="ignoring file event" service=watcher path=/Users/michaelcuneo/Desktop/markdown-editor/src/lib/editor/plugins/codemirrorBlockPlugin.ts op=CHMOD
time=2026-04-10T15:55:41.195+10:00 level=INFO msg="file event" service=watcher path=/Users/michaelcuneo/Desktop/markdown-editor/src/lib/editor/plugins/codemirrorBlockPlugin.ts op=WRITE
time=2026-04-10T15:55:41.195+10:00 level=INFO msg="waiting for trigger" service=deployer
time=2026-04-10T15:55:41.195+10:00 level=INFO msg="checking if code needs to be rebuilt" service=aws.function file=/Users/michaelcuneo/Desktop/markdown-editor/src/lib/editor/plugins/codemirrorBlockPlugin.ts
time=2026-04-10T15:55:42.405+10:00 level=INFO msg="ignoring file event" service=watcher path=/Users/michaelcuneo/Desktop/markdown-editor/src/lib/editor/plugins/codemirrorBlockPlugin.ts op=CHMOD
time=2026-04-10T15:55:42.405+10:00 level=INFO msg="file event" service=watcher path=/Users/michaelcuneo/Desktop/markdown-editor/src/lib/editor/plugins/codemirrorBlockPlugin.ts op=WRITE
time=2026-04-10T15:55:42.405+10:00 level=INFO msg="waiting for trigger" service=deployer
time=2026-04-10T15:55:42.406+10:00 level=INFO msg="checking if code needs to be rebuilt" service=aws.function file=/Users/michaelcuneo/Desktop/markdown-editor/src/lib/editor/plugins/codemirrorBlockPlugin.ts
time=2026-04-10T15:55:43.636+10:00 level=INFO msg="ignoring file event" service=watcher path=/Users/michaelcuneo/Desktop/markdown-editor/src/lib/editor/plugins/codemirrorBlockPlugin.ts op=CHMOD
time=2026-04-10T15:55:49.052+10:00 level=INFO msg="ignoring file event" service=watcher path=/Users/michaelcuneo/Desktop/markdown-editor/src/lib/editor/plugins/codemirrorBlockPlugin.ts op=CHMOD
time=2026-04-10T15:55:49.052+10:00 level=INFO msg="file event" service=watcher path=/Users/michaelcuneo/Desktop/markdown-editor/src/lib/editor/plugins/codemirrorBlockPlugin.ts op=WRITE
time=2026-04-10T15:55:49.053+10:00 level=INFO msg="waiting for trigger" service=deployer
time=2026-04-10T15:55:49.053+10:00 level=INFO msg="checking if code needs to be rebuilt" service=aws.function file=/Users/michaelcuneo/Desktop/markdown-editor/src/lib/editor/plugins/codemirrorBlockPlugin.ts
time=2026-04-10T15:55:50.285+10:00 level=INFO msg="ignoring file event" service=watcher path=/Users/michaelcuneo/Desktop/markdown-editor/src/lib/editor/plugins/codemirrorBlockPlugin.ts op=CHMOD
time=2026-04-10T15:56:05.540+10:00 level=INFO msg="ignoring file event" service=watcher path=/Users/michaelcuneo/Desktop/markdown-editor/src/lib/editor/plugins/codemirrorBlockPlugin.ts op=CHMOD
time=2026-04-10T15:56:05.540+10:00 level=INFO msg="file event" service=watcher path=/Users/michaelcuneo/Desktop/markdown-editor/src/lib/editor/plugins/codemirrorBlockPlugin.ts op=WRITE
time=2026-04-10T15:56:05.540+10:00 level=INFO msg="checking if code needs to be rebuilt" service=aws.function file=/Users/michaelcuneo/Desktop/markdown-editor/src/lib/editor/plugins/codemirrorBlockPlugin.ts
time=2026-04-10T15:56:05.540+10:00 level=INFO msg="waiting for trigger" service=deployer
time=2026-04-10T15:56:07.182+10:00 level=INFO msg="ignoring file event" service=watcher path=/Users/michaelcuneo/Desktop/markdown-editor/src/lib/editor/plugins/codemirrorBlockPlugin.ts op=CHMOD
time=2026-04-10T15:56:08.820+10:00 level=INFO msg="ignoring file event" service=watcher path=/Users/michaelcuneo/Desktop/markdown-editor/src/lib/editor/plugins/codemirrorBlockPlugin.ts op=CHMOD
time=2026-04-10T15:56:08.820+10:00 level=INFO msg="file event" service=watcher path=/Users/michaelcuneo/Desktop/markdown-editor/src/lib/editor/plugins/codemirrorBlockPlugin.ts op=WRITE
time=2026-04-10T15:56:08.820+10:00 level=INFO msg="waiting for trigger" service=deployer
time=2026-04-10T15:56:08.820+10:00 level=INFO msg="checking if code needs to be rebuilt" service=aws.function file=/Users/michaelcuneo/Desktop/markdown-editor/src/lib/editor/plugins/codemirrorBlockPlugin.ts
time=2026-04-10T15:56:10.453+10:00 level=INFO msg="ignoring file event" service=watcher path=/Users/michaelcuneo/Desktop/markdown-editor/src/lib/editor/plugins/codemirrorBlockPlugin.ts op=CHMOD
time=2026-04-10T15:56:10.453+10:00 level=INFO msg="file event" service=watcher path=/Users/michaelcuneo/Desktop/markdown-editor/src/lib/editor/plugins/codemirrorBlockPlugin.ts op=WRITE
time=2026-04-10T15:56:10.453+10:00 level=INFO msg="waiting for trigger" service=deployer
time=2026-04-10T15:56:10.453+10:00 level=INFO msg="checking if code needs to be rebuilt" service=aws.function file=/Users/michaelcuneo/Desktop/markdown-editor/src/lib/editor/plugins/codemirrorBlockPlugin.ts
time=2026-04-10T15:56:23.610+10:00 level=INFO msg="INFO msg service=appsync.connection type=ka id=<nil>"
time=2026-04-10T15:57:03.552+10:00 level=INFO msg="ignoring file event" service=watcher path=/Users/michaelcuneo/Desktop/markdown-editor/src/lib/editor/plugins/codemirrorBlockPlugin.ts op=CHMOD
time=2026-04-10T15:57:23.614+10:00 level=INFO msg="INFO msg service=appsync.connection type=ka id=<nil>"
time=2026-04-10T15:58:23.621+10:00 level=INFO msg="INFO msg service=appsync.connection type=ka id=<nil>"
time=2026-04-10T15:58:28.414+10:00 level=INFO msg="ignoring file event" service=watcher path=/Users/michaelcuneo/Desktop/markdown-editor/src/lib/editor/plugins/imageDropPlugin.ts op=CHMOD
time=2026-04-10T15:58:28.414+10:00 level=INFO msg="file event" service=watcher path=/Users/michaelcuneo/Desktop/markdown-editor/src/lib/editor/plugins/imageDropPlugin.ts op=WRITE
time=2026-04-10T15:58:28.414+10:00 level=INFO msg="waiting for trigger" service=deployer
time=2026-04-10T15:58:28.414+10:00 level=INFO msg="checking if code needs to be rebuilt" service=aws.function file=/Users/michaelcuneo/Desktop/markdown-editor/src/lib/editor/plugins/imageDropPlugin.ts
time=2026-04-10T15:58:30.024+10:00 level=INFO msg="ignoring file event" service=watcher path=/Users/michaelcuneo/Desktop/markdown-editor/src/lib/editor/plugins/imageDropPlugin.ts op=CHMOD
time=2026-04-10T15:58:30.959+10:00 level=INFO msg="ignoring file event" service=watcher path=/Users/michaelcuneo/Desktop/markdown-editor/src/lib/editor/plugins/imageDropPlugin.ts op=CHMOD
time=2026-04-10T15:58:30.959+10:00 level=INFO msg="file event" service=watcher path=/Users/michaelcuneo/Desktop/markdown-editor/src/lib/editor/plugins/imageDropPlugin.ts op=WRITE
time=2026-04-10T15:58:30.959+10:00 level=INFO msg="checking if code needs to be rebuilt" service=aws.function file=/Users/michaelcuneo/Desktop/markdown-editor/src/lib/editor/plugins/imageDropPlugin.ts
time=2026-04-10T15:58:30.959+10:00 level=INFO msg="waiting for trigger" service=deployer
time=2026-04-10T15:58:32.227+10:00 level=INFO msg="ignoring file event" service=watcher path=/Users/michaelcuneo/Desktop/markdown-editor/src/lib/editor/plugins/imageDropPlugin.ts op=CHMOD
time=2026-04-10T15:58:34.536+10:00 level=INFO msg="ignoring file event" service=watcher path=/Users/michaelcuneo/Desktop/markdown-editor/src/lib/editor/plugins/imageDropPlugin.ts op=CHMOD
time=2026-04-10T15:58:34.536+10:00 level=INFO msg="file event" service=watcher path=/Users/michaelcuneo/Desktop/markdown-editor/src/lib/editor/plugins/imageDropPlugin.ts op=WRITE
time=2026-04-10T15:58:34.536+10:00 level=INFO msg="waiting for trigger" service=deployer
time=2026-04-10T15:58:34.536+10:00 level=INFO msg="checking if code needs to be rebuilt" service=aws.function file=/Users/michaelcuneo/Desktop/markdown-editor/src/lib/editor/plugins/imageDropPlugin.ts
time=2026-04-10T15:58:36.338+10:00 level=INFO msg="ignoring file event" service=watcher path=/Users/michaelcuneo/Desktop/markdown-editor/src/lib/editor/plugins/imageDropPlugin.ts op=CHMOD
time=2026-04-10T15:58:40.543+10:00 level=INFO msg="ignoring file event" service=watcher path=/Users/michaelcuneo/Desktop/markdown-editor/src/lib/editor/plugins/imageDropPlugin.ts op=CHMOD
time=2026-04-10T15:58:40.543+10:00 level=INFO msg="file event" service=watcher path=/Users/michaelcuneo/Desktop/markdown-editor/src/lib/editor/plugins/imageDropPlugin.ts op=WRITE
time=2026-04-10T15:58:40.543+10:00 level=INFO msg="waiting for trigger" service=deployer
time=2026-04-10T15:58:40.543+10:00 level=INFO msg="checking if code needs to be rebuilt" service=aws.function file=/Users/michaelcuneo/Desktop/markdown-editor/src/lib/editor/plugins/imageDropPlugin.ts
time=2026-04-10T15:58:41.976+10:00 level=INFO msg="ignoring file event" service=watcher path=/Users/michaelcuneo/Desktop/markdown-editor/src/lib/editor/plugins/imageDropPlugin.ts op=CHMOD
time=2026-04-10T15:58:54.115+10:00 level=INFO msg="ignoring file event" service=watcher path=/Users/michaelcuneo/Desktop/markdown-editor/src/lib/editor/plugins/imageDropPlugin.ts op=CHMOD
time=2026-04-10T15:58:54.115+10:00 level=INFO msg="file event" service=watcher path=/Users/michaelcuneo/Desktop/markdown-editor/src/lib/editor/plugins/imageDropPlugin.ts op=WRITE
time=2026-04-10T15:58:54.115+10:00 level=INFO msg="waiting for trigger" service=deployer
time=2026-04-10T15:58:54.115+10:00 level=INFO msg="checking if code needs to be rebuilt" service=aws.function file=/Users/michaelcuneo/Desktop/markdown-editor/src/lib/editor/plugins/imageDropPlugin.ts
time=2026-04-10T15:59:23.520+10:00 level=INFO msg="INFO msg service=appsync.connection type=ka id=<nil>"
time=2026-04-10T15:59:33.546+10:00 level=INFO msg="ignoring file event" service=watcher path=/Users/michaelcuneo/Desktop/markdown-editor/src/lib/editor/plugins/imageDropPlugin.ts op=CHMOD
time=2026-04-10T16:00:23.521+10:00 level=INFO msg="INFO msg service=appsync.connection type=ka id=<nil>"
time=2026-04-10T16:00:34.177+10:00 level=INFO msg="matching dev" service=dev full=/Users/michaelcuneo/Desktop/markdown-editor directory=""
time=2026-04-10T16:00:34.177+10:00 level=INFO msg="loading aws credentials" service=project.env resource=MyWeb role=arn:aws:iam::481588845003:role/markdown-editor-michael-MyWebDevServerRole-mhostvkt
time=2026-04-10T16:00:34.274+10:00 level=INFO msg=dev service=project.env resource=MyWeb links=[]
time=2026-04-10T16:00:34.952+10:00 level=INFO msg="ignoring file event" service=watcher path=/Users/michaelcuneo/Desktop/markdown-editor/static/README.md op=CHMOD
time=2026-04-10T16:00:34.952+10:00 level=INFO msg="ignoring file event" service=watcher path=/Users/michaelcuneo/Desktop/markdown-editor/static/README.md op=CHMOD
time=2026-04-10T16:00:34.952+10:00 level=INFO msg="file event" service=watcher path=/Users/michaelcuneo/Desktop/markdown-editor/static/README.md op=WRITE|CHMOD
time=2026-04-10T16:00:34.952+10:00 level=INFO msg="waiting for trigger" service=deployer
time=2026-04-10T16:00:34.952+10:00 level=INFO msg="checking if code needs to be rebuilt" service=aws.function file=/Users/michaelcuneo/Desktop/markdown-editor/static/README.md
time=2026-04-10T16:00:36.228+10:00 level=INFO msg="ignoring file event" service=watcher path=/Users/michaelcuneo/Desktop/markdown-editor/static/README.md op=CHMOD
time=2026-04-10T16:01:11.029+10:00 level=INFO msg="ignoring file event" service=watcher path=/Users/michaelcuneo/Desktop/markdown-editor/src/lib/editor/plugins/imageDropPlugin.ts op=CHMOD
time=2026-04-10T16:01:11.030+10:00 level=INFO msg="file event" service=watcher path=/Users/michaelcuneo/Desktop/markdown-editor/src/lib/editor/plugins/imageDropPlugin.ts op=WRITE
time=2026-04-10T16:01:11.031+10:00 level=INFO msg="waiting for trigger" service=deployer
time=2026-04-10T16:01:11.031+10:00 level=INFO msg="checking if code needs to be rebuilt" service=aws.function file=/Users/michaelcuneo/Desktop/markdown-editor/src/lib/editor/plugins/imageDropPlugin.ts
time=2026-04-10T16:01:12.647+10:00 level=INFO msg="ignoring file event" service=watcher path=/Users/michaelcuneo/Desktop/markdown-editor/src/lib/editor/plugins/imageDropPlugin.ts op=CHMOD
time=2026-04-10T16:01:23.537+10:00 level=INFO msg="INFO msg service=appsync.connection type=ka id=<nil>"
time=2026-04-10T16:02:23.519+10:00 level=INFO msg="INFO msg service=appsync.connection type=ka id=<nil>"
time=2026-04-10T16:03:23.547+10:00 level=INFO msg="INFO msg service=appsync.connection type=ka id=<nil>"
time=2026-04-10T16:04:23.520+10:00 level=INFO msg="INFO msg service=appsync.connection type=ka id=<nil>"
time=2026-04-10T16:04:58.331+10:00 level=INFO msg="ignoring file event" service=watcher path=/Users/michaelcuneo/Desktop/markdown-editor/src/lib/editor/plugins/wysiwymPlugin.ts op=CHMOD
time=2026-04-10T16:04:58.331+10:00 level=INFO msg="file event" service=watcher path=/Users/michaelcuneo/Desktop/markdown-editor/src/lib/editor/plugins/wysiwymPlugin.ts op=WRITE
time=2026-04-10T16:04:58.331+10:00 level=INFO msg="waiting for trigger" service=deployer
time=2026-04-10T16:04:58.331+10:00 level=INFO msg="checking if code needs to be rebuilt" service=aws.function file=/Users/michaelcuneo/Desktop/markdown-editor/src/lib/editor/plugins/wysiwymPlugin.ts
time=2026-04-10T16:04:59.176+10:00 level=INFO msg="ignoring file event" service=watcher path=/Users/michaelcuneo/Desktop/markdown-editor/src/lib/editor/plugins/wysiwymPlugin.ts op=CHMOD
time=2026-04-10T16:04:59.176+10:00 level=INFO msg="file event" service=watcher path=/Users/michaelcuneo/Desktop/markdown-editor/src/lib/editor/plugins/wysiwymPlugin.ts op=WRITE
time=2026-04-10T16:04:59.176+10:00 level=INFO msg="checking if code needs to be rebuilt" service=aws.function file=/Users/michaelcuneo/Desktop/markdown-editor/src/lib/editor/plugins/wysiwymPlugin.ts
time=2026-04-10T16:04:59.176+10:00 level=INFO msg="waiting for trigger" service=deployer
time=2026-04-10T16:05:00.878+10:00 level=INFO msg="ignoring file event" service=watcher path=/Users/michaelcuneo/Desktop/markdown-editor/src/lib/editor/plugins/wysiwymPlugin.ts op=CHMOD
time=2026-04-10T16:05:23.519+10:00 level=INFO msg="INFO msg service=appsync.connection type=ka id=<nil>"
time=2026-04-10T16:05:28.688+10:00 level=INFO msg="ignoring file event" service=watcher path=/Users/michaelcuneo/Desktop/markdown-editor/src/lib/editor/plugins/wysiwymPlugin.ts op=CHMOD
time=2026-04-10T16:05:28.688+10:00 level=INFO msg="file event" service=watcher path=/Users/michaelcuneo/Desktop/markdown-editor/src/lib/editor/plugins/wysiwymPlugin.ts op=WRITE
time=2026-04-10T16:05:28.688+10:00 level=INFO msg="waiting for trigger" service=deployer
time=2026-04-10T16:05:28.688+10:00 level=INFO msg="checking if code needs to be rebuilt" service=aws.function file=/Users/michaelcuneo/Desktop/markdown-editor/src/lib/editor/plugins/wysiwymPlugin.ts
time=2026-04-10T16:05:29.942+10:00 level=INFO msg="ignoring file event" service=watcher path=/Users/michaelcuneo/Desktop/markdown-editor/src/lib/editor/plugins/wysiwymPlugin.ts op=CHMOD
time=2026-04-10T16:05:32.904+10:00 level=INFO msg="ignoring file event" service=watcher path=/Users/michaelcuneo/Desktop/markdown-editor/src/lib/editor/plugins/wysiwymPlugin.ts op=CHMOD
time=2026-04-10T16:05:32.904+10:00 level=INFO msg="file event" service=watcher path=/Users/michaelcuneo/Desktop/markdown-editor/src/lib/editor/plugins/wysiwymPlugin.ts op=WRITE
time=2026-04-10T16:05:32.904+10:00 level=INFO msg="waiting for trigger" service=deployer
time=2026-04-10T16:05:32.904+10:00 level=INFO msg="checking if code needs to be rebuilt" service=aws.function file=/Users/michaelcuneo/Desktop/markdown-editor/src/lib/editor/plugins/wysiwymPlugin.ts
time=2026-04-10T16:05:34.132+10:00 level=INFO msg="ignoring file event" service=watcher path=/Users/michaelcuneo/Desktop/markdown-editor/src/lib/editor/plugins/wysiwymPlugin.ts op=CHMOD
time=2026-04-10T16:06:09.334+10:00 level=INFO msg="ignoring file event" service=watcher path=/Users/michaelcuneo/Desktop/markdown-editor/src/lib/editor/EditorToolbar.svelte op=CHMOD
time=2026-04-10T16:06:09.334+10:00 level=INFO msg="file event" service=watcher path=/Users/michaelcuneo/Desktop/markdown-editor/src/lib/editor/EditorToolbar.svelte op=WRITE
time=2026-04-10T16:06:09.335+10:00 level=INFO msg="waiting for trigger" service=deployer
time=2026-04-10T16:06:09.335+10:00 level=INFO msg="checking if code needs to be rebuilt" service=aws.function file=/Users/michaelcuneo/Desktop/markdown-editor/src/lib/editor/EditorToolbar.svelte
time=2026-04-10T16:06:10.851+10:00 level=INFO msg="ignoring file event" service=watcher path=/Users/michaelcuneo/Desktop/markdown-editor/src/lib/editor/EditorToolbar.svelte op=CHMOD
time=2026-04-10T16:06:15.546+10:00 level=INFO msg="ignoring file event" service=watcher path=/Users/michaelcuneo/Desktop/markdown-editor/src/lib/editor/EditorToolbar.svelte op=CHMOD
time=2026-04-10T16:06:15.546+10:00 level=INFO msg="file event" service=watcher path=/Users/michaelcuneo/Desktop/markdown-editor/src/lib/editor/EditorToolbar.svelte op=WRITE
time=2026-04-10T16:06:15.546+10:00 level=INFO msg="waiting for trigger" service=deployer
time=2026-04-10T16:06:15.546+10:00 level=INFO msg="checking if code needs to be rebuilt" service=aws.function file=/Users/michaelcuneo/Desktop/markdown-editor/src/lib/editor/EditorToolbar.svelte
time=2026-04-10T16:06:17.028+10:00 level=INFO msg="ignoring file event" service=watcher path=/Users/michaelcuneo/Desktop/markdown-editor/src/lib/editor/EditorToolbar.svelte op=CHMOD
time=2026-04-10T16:06:17.833+10:00 level=INFO msg="ignoring file event" service=watcher path=/Users/michaelcuneo/Desktop/markdown-editor/src/lib/editor/EditorToolbar.svelte op=CHMOD
time=2026-04-10T16:06:17.833+10:00 level=INFO msg="file event" service=watcher path=/Users/michaelcuneo/Desktop/markdown-editor/src/lib/editor/EditorToolbar.svelte op=WRITE
time=2026-04-10T16:06:17.833+10:00 level=INFO msg="waiting for trigger" service=deployer
time=2026-04-10T16:06:17.833+10:00 level=INFO msg="checking if code needs to be rebuilt" service=aws.function file=/Users/michaelcuneo/Desktop/markdown-editor/src/lib/editor/EditorToolbar.svelte
time=2026-04-10T16:06:19.459+10:00 level=INFO msg="ignoring file event" service=watcher path=/Users/michaelcuneo/Desktop/markdown-editor/src/lib/editor/EditorToolbar.svelte op=CHMOD
time=2026-04-10T16:06:23.520+10:00 level=INFO msg="INFO msg service=appsync.connection type=ka id=<nil>"
time=2026-04-10T16:06:25.256+10:00 level=INFO msg="ignoring file event" service=watcher path=/Users/michaelcuneo/Desktop/markdown-editor/src/lib/editor/EditorToolbar.svelte op=CHMOD
time=2026-04-10T16:06:25.256+10:00 level=INFO msg="file event" service=watcher path=/Users/michaelcuneo/Desktop/markdown-editor/src/lib/editor/EditorToolbar.svelte op=WRITE
time=2026-04-10T16:06:25.256+10:00 level=INFO msg="waiting for trigger" service=deployer
time=2026-04-10T16:06:25.256+10:00 level=INFO msg="checking if code needs to be rebuilt" service=aws.function file=/Users/michaelcuneo/Desktop/markdown-editor/src/lib/editor/EditorToolbar.svelte
time=2026-04-10T16:06:31.069+10:00 level=INFO msg="ignoring file event" service=watcher path=/Users/michaelcuneo/Desktop/markdown-editor/src/lib/editor/EditorToolbar.svelte op=CHMOD
time=2026-04-10T16:06:31.070+10:00 level=INFO msg="file event" service=watcher path=/Users/michaelcuneo/Desktop/markdown-editor/src/lib/editor/EditorToolbar.svelte op=WRITE
time=2026-04-10T16:06:31.070+10:00 level=INFO msg="waiting for trigger" service=deployer
time=2026-04-10T16:06:31.070+10:00 level=INFO msg="checking if code needs to be rebuilt" service=aws.function file=/Users/michaelcuneo/Desktop/markdown-editor/src/lib/editor/EditorToolbar.svelte
time=2026-04-10T16:06:31.949+10:00 level=INFO msg="ignoring file event" service=watcher path=/Users/michaelcuneo/Desktop/markdown-editor/src/lib/editor/EditorToolbar.svelte op=CHMOD
time=2026-04-10T16:06:31.949+10:00 level=INFO msg="file event" service=watcher path=/Users/michaelcuneo/Desktop/markdown-editor/src/lib/editor/EditorToolbar.svelte op=WRITE
time=2026-04-10T16:06:31.949+10:00 level=INFO msg="waiting for trigger" service=deployer
time=2026-04-10T16:06:31.949+10:00 level=INFO msg="checking if code needs to be rebuilt" service=aws.function file=/Users/michaelcuneo/Desktop/markdown-editor/src/lib/editor/EditorToolbar.svelte
time=2026-04-10T16:06:38.065+10:00 level=INFO msg="ignoring file event" service=watcher path=/Users/michaelcuneo/Desktop/markdown-editor/src/lib/editor/EditorToolbar.svelte op=CHMOD
time=2026-04-10T16:06:38.065+10:00 level=INFO msg="file event" service=watcher path=/Users/michaelcuneo/Desktop/markdown-editor/src/lib/editor/EditorToolbar.svelte op=WRITE
time=2026-04-10T16:06:38.065+10:00 level=INFO msg="waiting for trigger" service=deployer
time=2026-04-10T16:06:38.065+10:00 level=INFO msg="checking if code needs to be rebuilt" service=aws.function file=/Users/michaelcuneo/Desktop/markdown-editor/src/lib/editor/EditorToolbar.svelte
time=2026-04-10T16:06:40.689+10:00 level=INFO msg="ignoring file event" service=watcher path=/Users/michaelcuneo/Desktop/markdown-editor/src/lib/editor/EditorToolbar.svelte op=CHMOD
time=2026-04-10T16:06:40.689+10:00 level=INFO msg="file event" service=watcher path=/Users/michaelcuneo/Desktop/markdown-editor/src/lib/editor/EditorToolbar.svelte op=WRITE
time=2026-04-10T16:06:40.689+10:00 level=INFO msg="waiting for trigger" service=deployer
time=2026-04-10T16:06:40.689+10:00 level=INFO msg="checking if code needs to be rebuilt" service=aws.function file=/Users/michaelcuneo/Desktop/markdown-editor/src/lib/editor/EditorToolbar.svelte
time=2026-04-10T16:06:42.207+10:00 level=INFO msg="ignoring file event" service=watcher path=/Users/michaelcuneo/Desktop/markdown-editor/src/lib/editor/EditorToolbar.svelte op=CHMOD
time=2026-04-10T16:06:42.208+10:00 level=INFO msg="file event" service=watcher path=/Users/michaelcuneo/Desktop/markdown-editor/src/lib/editor/EditorToolbar.svelte op=WRITE
time=2026-04-10T16:06:42.208+10:00 level=INFO msg="checking if code needs to be rebuilt" service=aws.function file=/Users/michaelcuneo/Desktop/markdown-editor/src/lib/editor/EditorToolbar.svelte
time=2026-04-10T16:06:42.208+10:00 level=INFO msg="waiting for trigger" service=deployer
time=2026-04-10T16:06:44.454+10:00 level=INFO msg="ignoring file event" service=watcher path=/Users/michaelcuneo/Desktop/markdown-editor/src/lib/editor/EditorToolbar.svelte op=CHMOD
time=2026-04-10T16:06:44.454+10:00 level=INFO msg="file event" service=watcher path=/Users/michaelcuneo/Desktop/markdown-editor/src/lib/editor/EditorToolbar.svelte op=WRITE
time=2026-04-10T16:06:44.454+10:00 level=INFO msg="waiting for trigger" service=deployer
time=2026-04-10T16:06:44.454+10:00 level=INFO msg="checking if code needs to be rebuilt" service=aws.function file=/Users/michaelcuneo/Desktop/markdown-editor/src/lib/editor/EditorToolbar.svelte
time=2026-04-10T16:06:52.532+10:00 level=INFO msg="ignoring file event" service=watcher path=/Users/michaelcuneo/Desktop/markdown-editor/src/lib/editor/EditorToolbar.svelte op=CHMOD
time=2026-04-10T16:06:52.532+10:00 level=INFO msg="file event" service=watcher path=/Users/michaelcuneo/Desktop/markdown-editor/src/lib/editor/EditorToolbar.svelte op=WRITE
time=2026-04-10T16:06:52.532+10:00 level=INFO msg="waiting for trigger" service=deployer
time=2026-04-10T16:06:52.532+10:00 level=INFO msg="checking if code needs to be rebuilt" service=aws.function file=/Users/michaelcuneo/Desktop/markdown-editor/src/lib/editor/EditorToolbar.svelte
time=2026-04-10T16:07:00.163+10:00 level=INFO msg="ignoring file event" service=watcher path=/Users/michaelcuneo/Desktop/markdown-editor/src/lib/editor/EditorToolbar.svelte op=CHMOD
time=2026-04-10T16:07:00.163+10:00 level=INFO msg="file event" service=watcher path=/Users/michaelcuneo/Desktop/markdown-editor/src/lib/editor/EditorToolbar.svelte op=WRITE
time=2026-04-10T16:07:00.163+10:00 level=INFO msg="waiting for trigger" service=deployer
time=2026-04-10T16:07:00.164+10:00 level=INFO msg="checking if code needs to be rebuilt" service=aws.function file=/Users/michaelcuneo/Desktop/markdown-editor/src/lib/editor/EditorToolbar.svelte
time=2026-04-10T16:07:01.038+10:00 level=INFO msg="ignoring file event" service=watcher path=/Users/michaelcuneo/Desktop/markdown-editor/src/lib/editor/EditorToolbar.svelte op=CHMOD
time=2026-04-10T16:07:01.038+10:00 level=INFO msg="file event" service=watcher path=/Users/michaelcuneo/Desktop/markdown-editor/src/lib/editor/EditorToolbar.svelte op=WRITE
time=2026-04-10T16:07:01.038+10:00 level=INFO msg="waiting for trigger" service=deployer
time=2026-04-10T16:07:01.038+10:00 level=INFO msg="checking if code needs to be rebuilt" service=aws.function file=/Users/michaelcuneo/Desktop/markdown-editor/src/lib/editor/EditorToolbar.svelte
time=2026-04-10T16:07:03.541+10:00 level=INFO msg="ignoring file event" service=watcher path=/Users/michaelcuneo/Desktop/markdown-editor/src/lib/editor/EditorToolbar.svelte op=CHMOD
time=2026-04-10T16:07:20.203+10:00 level=INFO msg="ignoring file event" service=watcher path=/Users/michaelcuneo/Desktop/markdown-editor/src/lib/editor/EditorToolbar.svelte op=CHMOD
time=2026-04-10T16:07:20.203+10:00 level=INFO msg="file event" service=watcher path=/Users/michaelcuneo/Desktop/markdown-editor/src/lib/editor/EditorToolbar.svelte op=WRITE
time=2026-04-10T16:07:20.203+10:00 level=INFO msg="waiting for trigger" service=deployer
time=2026-04-10T16:07:20.203+10:00 level=INFO msg="checking if code needs to be rebuilt" service=aws.function file=/Users/michaelcuneo/Desktop/markdown-editor/src/lib/editor/EditorToolbar.svelte
time=2026-04-10T16:07:23.521+10:00 level=INFO msg="INFO msg service=appsync.connection type=ka id=<nil>"
time=2026-04-10T16:07:46.990+10:00 level=INFO msg="ignoring file event" service=watcher path=/Users/michaelcuneo/Desktop/markdown-editor/src/lib/editor/tasks/markdownTaskSupport.ts op=CHMOD
time=2026-04-10T16:07:46.990+10:00 level=INFO msg="file event" service=watcher path=/Users/michaelcuneo/Desktop/markdown-editor/src/lib/editor/tasks/markdownTaskSupport.ts op=WRITE
time=2026-04-10T16:07:46.990+10:00 level=INFO msg="checking if code needs to be rebuilt" service=aws.function file=/Users/michaelcuneo/Desktop/markdown-editor/src/lib/editor/tasks/markdownTaskSupport.ts
time=2026-04-10T16:07:46.990+10:00 level=INFO msg="waiting for trigger" service=deployer
time=2026-04-10T16:07:48.789+10:00 level=INFO msg="ignoring file event" service=watcher path=/Users/michaelcuneo/Desktop/markdown-editor/src/lib/editor/tasks/markdownTaskSupport.ts op=CHMOD
time=2026-04-10T16:07:49.195+10:00 level=INFO msg="ignoring file event" service=watcher path=/Users/michaelcuneo/Desktop/markdown-editor/src/lib/editor/tasks/markdownTaskSupport.ts op=CHMOD
time=2026-04-10T16:07:49.195+10:00 level=INFO msg="file event" service=watcher path=/Users/michaelcuneo/Desktop/markdown-editor/src/lib/editor/tasks/markdownTaskSupport.ts op=WRITE
time=2026-04-10T16:07:49.195+10:00 level=INFO msg="waiting for trigger" service=deployer
time=2026-04-10T16:07:49.195+10:00 level=INFO msg="checking if code needs to be rebuilt" service=aws.function file=/Users/michaelcuneo/Desktop/markdown-editor/src/lib/editor/tasks/markdownTaskSupport.ts
time=2026-04-10T16:07:50.911+10:00 level=INFO msg="ignoring file event" service=watcher path=/Users/michaelcuneo/Desktop/markdown-editor/src/lib/editor/tasks/markdownTaskSupport.ts op=CHMOD
time=2026-04-10T16:07:56.567+10:00 level=INFO msg="ignoring file event" service=watcher path=/Users/michaelcuneo/Desktop/markdown-editor/src/lib/editor/tasks/markdownTaskSupport.ts op=CHMOD
time=2026-04-10T16:07:56.567+10:00 level=INFO msg="file event" service=watcher path=/Users/michaelcuneo/Desktop/markdown-editor/src/lib/editor/tasks/markdownTaskSupport.ts op=WRITE
time=2026-04-10T16:07:56.567+10:00 level=INFO msg="waiting for trigger" service=deployer
time=2026-04-10T16:07:56.568+10:00 level=INFO msg="checking if code needs to be rebuilt" service=aws.function file=/Users/michaelcuneo/Desktop/markdown-editor/src/lib/editor/tasks/markdownTaskSupport.ts
time=2026-04-10T16:07:58.196+10:00 level=INFO msg="ignoring file event" service=watcher path=/Users/michaelcuneo/Desktop/markdown-editor/src/lib/editor/tasks/markdownTaskSupport.ts op=CHMOD
time=2026-04-10T16:08:03.540+10:00 level=INFO msg="ignoring file event" service=watcher path=/Users/michaelcuneo/Desktop/markdown-editor/src/lib/editor/EditorToolbar.svelte op=CHMOD
time=2026-04-10T16:08:13.749+10:00 level=INFO msg="ignoring file event" service=watcher path=/Users/michaelcuneo/Desktop/markdown-editor/src/lib/editor/tasks/markdownTaskSupport.ts op=CHMOD
time=2026-04-10T16:08:13.749+10:00 level=INFO msg="file event" service=watcher path=/Users/michaelcuneo/Desktop/markdown-editor/src/lib/editor/tasks/markdownTaskSupport.ts op=WRITE
time=2026-04-10T16:08:13.749+10:00 level=INFO msg="waiting for trigger" service=deployer
time=2026-04-10T16:08:13.749+10:00 level=INFO msg="checking if code needs to be rebuilt" service=aws.function file=/Users/michaelcuneo/Desktop/markdown-editor/src/lib/editor/tasks/markdownTaskSupport.ts
time=2026-04-10T16:08:14.464+10:00 level=INFO msg="ignoring file event" service=watcher path=/Users/michaelcuneo/Desktop/markdown-editor/src/lib/editor/tasks/markdownTaskSupport.ts op=CHMOD
time=2026-04-10T16:08:14.465+10:00 level=INFO msg="file event" service=watcher path=/Users/michaelcuneo/Desktop/markdown-editor/src/lib/editor/tasks/markdownTaskSupport.ts op=WRITE
time=2026-04-10T16:08:14.465+10:00 level=INFO msg="waiting for trigger" service=deployer
time=2026-04-10T16:08:14.465+10:00 level=INFO msg="checking if code needs to be rebuilt" service=aws.function file=/Users/michaelcuneo/Desktop/markdown-editor/src/lib/editor/tasks/markdownTaskSupport.ts
time=2026-04-10T16:08:15.687+10:00 level=INFO msg="ignoring file event" service=watcher path=/Users/michaelcuneo/Desktop/markdown-editor/src/lib/editor/tasks/markdownTaskSupport.ts op=CHMOD
time=2026-04-10T16:08:19.087+10:00 level=INFO msg="ignoring file event" service=watcher path=/Users/michaelcuneo/Desktop/markdown-editor/src/lib/editor/tasks/markdownTaskSupport.ts op=CHMOD
time=2026-04-10T16:08:19.088+10:00 level=INFO msg="file event" service=watcher path=/Users/michaelcuneo/Desktop/markdown-editor/src/lib/editor/tasks/markdownTaskSupport.ts op=WRITE
time=2026-04-10T16:08:19.088+10:00 level=INFO msg="waiting for trigger" service=deployer
time=2026-04-10T16:08:19.088+10:00 level=INFO msg="checking if code needs to be rebuilt" service=aws.function file=/Users/michaelcuneo/Desktop/markdown-editor/src/lib/editor/tasks/markdownTaskSupport.ts
time=2026-04-10T16:08:20.624+10:00 level=INFO msg="ignoring file event" service=watcher path=/Users/michaelcuneo/Desktop/markdown-editor/src/lib/editor/tasks/markdownTaskSupport.ts op=CHMOD
time=2026-04-10T16:08:20.624+10:00 level=INFO msg="file event" service=watcher path=/Users/michaelcuneo/Desktop/markdown-editor/src/lib/editor/tasks/markdownTaskSupport.ts op=WRITE
time=2026-04-10T16:08:20.624+10:00 level=INFO msg="waiting for trigger" service=deployer
time=2026-04-10T16:08:20.624+10:00 level=INFO msg="checking if code needs to be rebuilt" service=aws.function file=/Users/michaelcuneo/Desktop/markdown-editor/src/lib/editor/tasks/markdownTaskSupport.ts
time=2026-04-10T16:08:22.140+10:00 level=INFO msg="ignoring file event" service=watcher path=/Users/michaelcuneo/Desktop/markdown-editor/src/lib/editor/tasks/markdownTaskSupport.ts op=CHMOD
time=2026-04-10T16:08:22.140+10:00 level=INFO msg="file event" service=watcher path=/Users/michaelcuneo/Desktop/markdown-editor/src/lib/editor/tasks/markdownTaskSupport.ts op=WRITE
time=2026-04-10T16:08:22.140+10:00 level=INFO msg="checking if code needs to be rebuilt" service=aws.function file=/Users/michaelcuneo/Desktop/markdown-editor/src/lib/editor/tasks/markdownTaskSupport.ts
time=2026-04-10T16:08:22.140+10:00 level=INFO msg="waiting for trigger" service=deployer
time=2026-04-10T16:08:23.521+10:00 level=INFO msg="INFO msg service=appsync.connection type=ka id=<nil>"
time=2026-04-10T16:08:41.659+10:00 level=INFO msg="ignoring file event" service=watcher path=/Users/michaelcuneo/Desktop/markdown-editor/src/lib/editor/tasks/markdownTaskSupport.ts op=CHMOD
time=2026-04-10T16:08:41.660+10:00 level=INFO msg="file event" service=watcher path=/Users/michaelcuneo/Desktop/markdown-editor/src/lib/editor/tasks/markdownTaskSupport.ts op=WRITE
time=2026-04-10T16:08:41.660+10:00 level=INFO msg="checking if code needs to be rebuilt" service=aws.function file=/Users/michaelcuneo/Desktop/markdown-editor/src/lib/editor/tasks/markdownTaskSupport.ts
time=2026-04-10T16:08:41.660+10:00 level=INFO msg="waiting for trigger" service=deployer
time=2026-04-10T16:08:57.436+10:00 level=INFO msg="ignoring file event" service=watcher path=/Users/michaelcuneo/Desktop/markdown-editor/src/lib/editor/theme/codeMirrorTheme.ts op=CHMOD
time=2026-04-10T16:08:57.436+10:00 level=INFO msg="file event" service=watcher path=/Users/michaelcuneo/Desktop/markdown-editor/src/lib/editor/theme/codeMirrorTheme.ts op=WRITE
time=2026-04-10T16:08:57.436+10:00 level=INFO msg="waiting for trigger" service=deployer
time=2026-04-10T16:08:57.436+10:00 level=INFO msg="checking if code needs to be rebuilt" service=aws.function file=/Users/michaelcuneo/Desktop/markdown-editor/src/lib/editor/theme/codeMirrorTheme.ts
time=2026-04-10T16:08:59.430+10:00 level=INFO msg="ignoring file event" service=watcher path=/Users/michaelcuneo/Desktop/markdown-editor/src/lib/editor/theme/codeMirrorTheme.ts op=CHMOD
time=2026-04-10T16:09:03.552+10:00 level=INFO msg="ignoring file event" service=watcher path=/Users/michaelcuneo/Desktop/markdown-editor/src/lib/editor/tasks/markdownTaskSupport.ts op=CHMOD
time=2026-04-10T16:09:23.520+10:00 level=INFO msg="INFO msg service=appsync.connection type=ka id=<nil>"
time=2026-04-10T16:09:48.885+10:00 level=INFO msg="ignoring file event" service=watcher path=/Users/michaelcuneo/Desktop/markdown-editor/src/lib/editor/tasks/markdownTaskSupport.ts op=CHMOD
time=2026-04-10T16:09:48.885+10:00 level=INFO msg="file event" service=watcher path=/Users/michaelcuneo/Desktop/markdown-editor/src/lib/editor/tasks/markdownTaskSupport.ts op=WRITE
time=2026-04-10T16:09:48.885+10:00 level=INFO msg="waiting for trigger" service=deployer
time=2026-04-10T16:09:48.885+10:00 level=INFO msg="checking if code needs to be rebuilt" service=aws.function file=/Users/michaelcuneo/Desktop/markdown-editor/src/lib/editor/tasks/markdownTaskSupport.ts
time=2026-04-10T16:09:50.557+10:00 level=INFO msg="ignoring file event" service=watcher path=/Users/michaelcuneo/Desktop/markdown-editor/src/lib/editor/tasks/markdownTaskSupport.ts op=CHMOD
time=2026-04-10T16:10:02.178+10:00 level=INFO msg="ignoring file event" service=watcher path=/Users/michaelcuneo/Desktop/markdown-editor/src/lib/editor/tasks/markdownTaskSupport.ts op=CHMOD
time=2026-04-10T16:10:02.178+10:00 level=INFO msg="file event" service=watcher path=/Users/michaelcuneo/Desktop/markdown-editor/src/lib/editor/tasks/markdownTaskSupport.ts op=WRITE
time=2026-04-10T16:10:02.178+10:00 level=INFO msg="waiting for trigger" service=deployer
time=2026-04-10T16:10:02.178+10:00 level=INFO msg="checking if code needs to be rebuilt" service=aws.function file=/Users/michaelcuneo/Desktop/markdown-editor/src/lib/editor/tasks/markdownTaskSupport.ts
time=2026-04-10T16:10:03.569+10:00 level=INFO msg="ignoring file event" service=watcher path=/Users/michaelcuneo/Desktop/markdown-editor/src/lib/editor/tasks/markdownTaskSupport.ts op=CHMOD
time=2026-04-10T16:10:03.569+10:00 level=INFO msg="file event" service=watcher path=/Users/michaelcuneo/Desktop/markdown-editor/src/lib/editor/tasks/markdownTaskSupport.ts op=WRITE
time=2026-04-10T16:10:03.569+10:00 level=INFO msg="waiting for trigger" service=deployer
time=2026-04-10T16:10:03.569+10:00 level=INFO msg="checking if code needs to be rebuilt" service=aws.function file=/Users/michaelcuneo/Desktop/markdown-editor/src/lib/editor/tasks/markdownTaskSupport.ts
time=2026-04-10T16:10:04.796+10:00 level=INFO msg="ignoring file event" service=watcher path=/Users/michaelcuneo/Desktop/markdown-editor/src/lib/editor/tasks/markdownTaskSupport.ts op=CHMOD
time=2026-04-10T16:10:23.521+10:00 level=INFO msg="INFO msg service=appsync.connection type=ka id=<nil>"
time=2026-04-10T16:11:23.521+10:00 level=INFO msg="INFO msg service=appsync.connection type=ka id=<nil>"
time=2026-04-10T16:12:23.520+10:00 level=INFO msg="INFO msg service=appsync.connection type=ka id=<nil>"
time=2026-04-10T16:12:41.268+10:00 level=INFO msg="ignoring file event" service=watcher path=/Users/michaelcuneo/Desktop/markdown-editor/src/lib/editor/tasks/markdownTaskSupport.ts op=CHMOD
time=2026-04-10T16:12:41.268+10:00 level=INFO msg="file event" service=watcher path=/Users/michaelcuneo/Desktop/markdown-editor/src/lib/editor/tasks/markdownTaskSupport.ts op=WRITE
time=2026-04-10T16:12:41.268+10:00 level=INFO msg="waiting for trigger" service=deployer
time=2026-04-10T16:12:41.268+10:00 level=INFO msg="checking if code needs to be rebuilt" service=aws.function file=/Users/michaelcuneo/Desktop/markdown-editor/src/lib/editor/tasks/markdownTaskSupport.ts
time=2026-04-10T16:12:42.569+10:00 level=INFO msg="ignoring file event" service=watcher path=/Users/michaelcuneo/Desktop/markdown-editor/src/lib/editor/tasks/markdownTaskSupport.ts op=CHMOD
time=2026-04-10T16:12:43.138+10:00 level=INFO msg="ignoring file event" service=watcher path=/Users/michaelcuneo/Desktop/markdown-editor/src/lib/editor/tasks/markdownTaskSupport.ts op=CHMOD
time=2026-04-10T16:12:43.138+10:00 level=INFO msg="file event" service=watcher path=/Users/michaelcuneo/Desktop/markdown-editor/src/lib/editor/tasks/markdownTaskSupport.ts op=WRITE
time=2026-04-10T16:12:43.138+10:00 level=INFO msg="waiting for trigger" service=deployer
time=2026-04-10T16:12:43.139+10:00 level=INFO msg="checking if code needs to be rebuilt" service=aws.function file=/Users/michaelcuneo/Desktop/markdown-editor/src/lib/editor/tasks/markdownTaskSupport.ts
time=2026-04-10T16:12:45.032+10:00 level=INFO msg="ignoring file event" service=watcher path=/Users/michaelcuneo/Desktop/markdown-editor/src/lib/editor/tasks/markdownTaskSupport.ts op=CHMOD
time=2026-04-10T16:13:23.519+10:00 level=INFO msg="INFO msg service=appsync.connection type=ka id=<nil>"
time=2026-04-10T16:14:23.523+10:00 level=INFO msg="INFO msg service=appsync.connection type=ka id=<nil>"
time=2026-04-10T16:14:32.486+10:00 level=INFO msg="ignoring file event" service=watcher path=/Users/michaelcuneo/Desktop/markdown-editor/src/lib/editor/tasks/markdownTaskSupport.ts op=CHMOD
time=2026-04-10T16:14:32.486+10:00 level=INFO msg="file event" service=watcher path=/Users/michaelcuneo/Desktop/markdown-editor/src/lib/editor/tasks/markdownTaskSupport.ts op=WRITE
time=2026-04-10T16:14:32.486+10:00 level=INFO msg="waiting for trigger" service=deployer
time=2026-04-10T16:14:32.486+10:00 level=INFO msg="checking if code needs to be rebuilt" service=aws.function file=/Users/michaelcuneo/Desktop/markdown-editor/src/lib/editor/tasks/markdownTaskSupport.ts
time=2026-04-10T16:14:33.822+10:00 level=INFO msg="ignoring file event" service=watcher path=/Users/michaelcuneo/Desktop/markdown-editor/src/lib/editor/tasks/markdownTaskSupport.ts op=CHMOD
time=2026-04-10T16:14:33.822+10:00 level=INFO msg="file event" service=watcher path=/Users/michaelcuneo/Desktop/markdown-editor/src/lib/editor/tasks/markdownTaskSupport.ts op=WRITE
time=2026-04-10T16:14:33.822+10:00 level=INFO msg="waiting for trigger" service=deployer
time=2026-04-10T16:14:33.822+10:00 level=INFO msg="checking if code needs to be rebuilt" service=aws.function file=/Users/michaelcuneo/Desktop/markdown-editor/src/lib/editor/tasks/markdownTaskSupport.ts
time=2026-04-10T16:14:35.051+10:00 level=INFO msg="ignoring file event" service=watcher path=/Users/michaelcuneo/Desktop/markdown-editor/src/lib/editor/tasks/markdownTaskSupport.ts op=CHMOD
time=2026-04-10T16:15:23.521+10:00 level=INFO msg="INFO msg service=appsync.connection type=ka id=<nil>"
time=2026-04-10T16:16:23.521+10:00 level=INFO msg="INFO msg service=appsync.connection type=ka id=<nil>"
time=2026-04-10T16:17:23.520+10:00 level=INFO msg="INFO msg service=appsync.connection type=ka id=<nil>"
time=2026-04-10T16:17:31.965+10:00 level=INFO msg="ignoring file event" service=watcher path=/Users/michaelcuneo/Desktop/markdown-editor/src/lib/editor/MarkdownEditor.svelte op=CHMOD
time=2026-04-10T16:17:31.965+10:00 level=INFO msg="file event" service=watcher path=/Users/michaelcuneo/Desktop/markdown-editor/src/lib/editor/MarkdownEditor.svelte op=WRITE
time=2026-04-10T16:17:31.965+10:00 level=INFO msg="checking if code needs to be rebuilt" service=aws.function file=/Users/michaelcuneo/Desktop/markdown-editor/src/lib/editor/MarkdownEditor.svelte
time=2026-04-10T16:17:31.965+10:00 level=INFO msg="waiting for trigger" service=deployer
time=2026-04-10T16:17:33.507+10:00 level=INFO msg="ignoring file event" service=watcher path=/Users/michaelcuneo/Desktop/markdown-editor/src/lib/editor/MarkdownEditor.svelte op=CHMOD
time=2026-04-10T16:17:44.911+10:00 level=INFO msg="ignoring file event" service=watcher path=/Users/michaelcuneo/Desktop/markdown-editor/src/lib/editor/MarkdownEditor.svelte op=CHMOD
time=2026-04-10T16:17:44.911+10:00 level=INFO msg="file event" service=watcher path=/Users/michaelcuneo/Desktop/markdown-editor/src/lib/editor/MarkdownEditor.svelte op=WRITE
time=2026-04-10T16:17:44.911+10:00 level=INFO msg="waiting for trigger" service=deployer
time=2026-04-10T16:17:44.911+10:00 level=INFO msg="checking if code needs to be rebuilt" service=aws.function file=/Users/michaelcuneo/Desktop/markdown-editor/src/lib/editor/MarkdownEditor.svelte
time=2026-04-10T16:17:46.156+10:00 level=INFO msg="ignoring file event" service=watcher path=/Users/michaelcuneo/Desktop/markdown-editor/src/lib/editor/MarkdownEditor.svelte op=CHMOD
time=2026-04-10T16:17:56.637+10:00 level=INFO msg="ignoring file event" service=watcher path=/Users/michaelcuneo/Desktop/markdown-editor/src/lib/editor/MarkdownEditor.svelte op=CHMOD
time=2026-04-10T16:17:56.637+10:00 level=INFO msg="file event" service=watcher path=/Users/michaelcuneo/Desktop/markdown-editor/src/lib/editor/MarkdownEditor.svelte op=WRITE
time=2026-04-10T16:17:56.637+10:00 level=INFO msg="waiting for trigger" service=deployer
time=2026-04-10T16:17:56.637+10:00 level=INFO msg="checking if code needs to be rebuilt" service=aws.function file=/Users/michaelcuneo/Desktop/markdown-editor/src/lib/editor/MarkdownEditor.svelte
time=2026-04-10T16:17:57.979+10:00 level=INFO msg="ignoring file event" service=watcher path=/Users/michaelcuneo/Desktop/markdown-editor/src/lib/editor/MarkdownEditor.svelte op=CHMOD
time=2026-04-10T16:18:04.673+10:00 level=INFO msg="ignoring file event" service=watcher path=/Users/michaelcuneo/Desktop/markdown-editor/src/lib/editor/MarkdownEditor.svelte op=CHMOD
time=2026-04-10T16:18:04.673+10:00 level=INFO msg="file event" service=watcher path=/Users/michaelcuneo/Desktop/markdown-editor/src/lib/editor/MarkdownEditor.svelte op=WRITE
time=2026-04-10T16:18:04.673+10:00 level=INFO msg="waiting for trigger" service=deployer
time=2026-04-10T16:18:04.673+10:00 level=INFO msg="checking if code needs to be rebuilt" service=aws.function file=/Users/michaelcuneo/Desktop/markdown-editor/src/lib/editor/MarkdownEditor.svelte
time=2026-04-10T16:18:06.526+10:00 level=INFO msg="ignoring file event" service=watcher path=/Users/michaelcuneo/Desktop/markdown-editor/src/lib/editor/MarkdownEditor.svelte op=CHMOD
time=2026-04-10T16:18:07.307+10:00 level=INFO msg="ignoring file event" service=watcher path=/Users/michaelcuneo/Desktop/markdown-editor/src/lib/editor/MarkdownEditor.svelte op=CHMOD
time=2026-04-10T16:18:07.307+10:00 level=INFO msg="file event" service=watcher path=/Users/michaelcuneo/Desktop/markdown-editor/src/lib/editor/MarkdownEditor.svelte op=WRITE
time=2026-04-10T16:18:07.307+10:00 level=INFO msg="waiting for trigger" service=deployer
time=2026-04-10T16:18:07.307+10:00 level=INFO msg="checking if code needs to be rebuilt" service=aws.function file=/Users/michaelcuneo/Desktop/markdown-editor/src/lib/editor/MarkdownEditor.svelte
time=2026-04-10T16:18:08.452+10:00 level=INFO msg="ignoring file event" service=watcher path=/Users/michaelcuneo/Desktop/markdown-editor/src/lib/editor/MarkdownEditor.svelte op=CHMOD
time=2026-04-10T16:18:08.452+10:00 level=INFO msg="file event" service=watcher path=/Users/michaelcuneo/Desktop/markdown-editor/src/lib/editor/MarkdownEditor.svelte op=WRITE
time=2026-04-10T16:18:08.452+10:00 level=INFO msg="waiting for trigger" service=deployer
time=2026-04-10T16:18:08.452+10:00 level=INFO msg="checking if code needs to be rebuilt" service=aws.function file=/Users/michaelcuneo/Desktop/markdown-editor/src/lib/editor/MarkdownEditor.svelte
time=2026-04-10T16:18:09.672+10:00 level=INFO msg="ignoring file event" service=watcher path=/Users/michaelcuneo/Desktop/markdown-editor/src/lib/editor/MarkdownEditor.svelte op=CHMOD
time=2026-04-10T16:18:10.828+10:00 level=INFO msg="ignoring file event" service=watcher path=/Users/michaelcuneo/Desktop/markdown-editor/src/lib/editor/MarkdownEditor.svelte op=CHMOD
time=2026-04-10T16:18:10.828+10:00 level=INFO msg="file event" service=watcher path=/Users/michaelcuneo/Desktop/markdown-editor/src/lib/editor/MarkdownEditor.svelte op=WRITE
time=2026-04-10T16:18:10.828+10:00 level=INFO msg="waiting for trigger" service=deployer
time=2026-04-10T16:18:10.828+10:00 level=INFO msg="checking if code needs to be rebuilt" service=aws.function file=/Users/michaelcuneo/Desktop/markdown-editor/src/lib/editor/MarkdownEditor.svelte
time=2026-04-10T16:18:22.096+10:00 level=INFO msg="ignoring file event" service=watcher path=/Users/michaelcuneo/Desktop/markdown-editor/src/lib/editor/MarkdownEditor.svelte op=CHMOD
time=2026-04-10T16:18:22.096+10:00 level=INFO msg="file event" service=watcher path=/Users/michaelcuneo/Desktop/markdown-editor/src/lib/editor/MarkdownEditor.svelte op=WRITE
time=2026-04-10T16:18:22.096+10:00 level=INFO msg="waiting for trigger" service=deployer
time=2026-04-10T16:18:22.096+10:00 level=INFO msg="checking if code needs to be rebuilt" service=aws.function file=/Users/michaelcuneo/Desktop/markdown-editor/src/lib/editor/MarkdownEditor.svelte
time=2026-04-10T16:18:23.452+10:00 level=INFO msg="ignoring file event" service=watcher path=/Users/michaelcuneo/Desktop/markdown-editor/src/lib/editor/MarkdownEditor.svelte op=CHMOD
time=2026-04-10T16:18:23.452+10:00 level=INFO msg="file event" service=watcher path=/Users/michaelcuneo/Desktop/markdown-editor/src/lib/editor/MarkdownEditor.svelte op=WRITE
time=2026-04-10T16:18:23.452+10:00 level=INFO msg="waiting for trigger" service=deployer
time=2026-04-10T16:18:23.452+10:00 level=INFO msg="checking if code needs to be rebuilt" service=aws.function file=/Users/michaelcuneo/Desktop/markdown-editor/src/lib/editor/MarkdownEditor.svelte
time=2026-04-10T16:18:23.519+10:00 level=INFO msg="INFO msg service=appsync.connection type=ka id=<nil>"
time=2026-04-10T16:18:27.112+10:00 level=INFO msg="ignoring file event" service=watcher path=/Users/michaelcuneo/Desktop/markdown-editor/src/lib/editor/MarkdownEditor.svelte op=CHMOD
time=2026-04-10T16:18:27.112+10:00 level=INFO msg="file event" service=watcher path=/Users/michaelcuneo/Desktop/markdown-editor/src/lib/editor/MarkdownEditor.svelte op=WRITE
time=2026-04-10T16:18:27.113+10:00 level=INFO msg="waiting for trigger" service=deployer
time=2026-04-10T16:18:27.113+10:00 level=INFO msg="checking if code needs to be rebuilt" service=aws.function file=/Users/michaelcuneo/Desktop/markdown-editor/src/lib/editor/MarkdownEditor.svelte
time=2026-04-10T16:18:41.213+10:00 level=INFO msg="ignoring file event" service=watcher path=/Users/michaelcuneo/Desktop/markdown-editor/src/lib/editor/MarkdownEditor.svelte op=CHMOD
time=2026-04-10T16:18:41.213+10:00 level=INFO msg="file event" service=watcher path=/Users/michaelcuneo/Desktop/markdown-editor/src/lib/editor/MarkdownEditor.svelte op=WRITE
time=2026-04-10T16:18:41.213+10:00 level=INFO msg="waiting for trigger" service=deployer
time=2026-04-10T16:18:41.213+10:00 level=INFO msg="checking if code needs to be rebuilt" service=aws.function file=/Users/michaelcuneo/Desktop/markdown-editor/src/lib/editor/MarkdownEditor.svelte
time=2026-04-10T16:18:45.373+10:00 level=INFO msg="ignoring file event" service=watcher path=/Users/michaelcuneo/Desktop/markdown-editor/src/lib/editor/MarkdownEditor.svelte op=CHMOD
time=2026-04-10T16:18:45.373+10:00 level=INFO msg="file event" service=watcher path=/Users/michaelcuneo/Desktop/markdown-editor/src/lib/editor/MarkdownEditor.svelte op=WRITE
time=2026-04-10T16:18:45.373+10:00 level=INFO msg="waiting for trigger" service=deployer
time=2026-04-10T16:18:45.373+10:00 level=INFO msg="checking if code needs to be rebuilt" service=aws.function file=/Users/michaelcuneo/Desktop/markdown-editor/src/lib/editor/MarkdownEditor.svelte
time=2026-04-10T16:18:47.428+10:00 level=INFO msg="ignoring file event" service=watcher path=/Users/michaelcuneo/Desktop/markdown-editor/src/lib/editor/MarkdownEditor.svelte op=CHMOD
time=2026-04-10T16:18:47.428+10:00 level=INFO msg="file event" service=watcher path=/Users/michaelcuneo/Desktop/markdown-editor/src/lib/editor/MarkdownEditor.svelte op=WRITE
time=2026-04-10T16:18:47.428+10:00 level=INFO msg="waiting for trigger" service=deployer
time=2026-04-10T16:18:47.428+10:00 level=INFO msg="checking if code needs to be rebuilt" service=aws.function file=/Users/michaelcuneo/Desktop/markdown-editor/src/lib/editor/MarkdownEditor.svelte
time=2026-04-10T16:19:03.546+10:00 level=INFO msg="ignoring file event" service=watcher path=/Users/michaelcuneo/Desktop/markdown-editor/src/lib/editor/MarkdownEditor.svelte op=CHMOD
time=2026-04-10T16:19:18.313+10:00 level=INFO msg="ignoring file event" service=watcher path=/Users/michaelcuneo/Desktop/markdown-editor/src/lib/editor/MarkdownEditor.svelte op=CHMOD
time=2026-04-10T16:19:18.313+10:00 level=INFO msg="file event" service=watcher path=/Users/michaelcuneo/Desktop/markdown-editor/src/lib/editor/MarkdownEditor.svelte op=WRITE
time=2026-04-10T16:19:18.313+10:00 level=INFO msg="waiting for trigger" service=deployer
time=2026-04-10T16:19:18.313+10:00 level=INFO msg="checking if code needs to be rebuilt" service=aws.function file=/Users/michaelcuneo/Desktop/markdown-editor/src/lib/editor/MarkdownEditor.svelte
time=2026-04-10T16:19:23.521+10:00 level=INFO msg="INFO msg service=appsync.connection type=ka id=<nil>"
time=2026-04-10T16:19:30.673+10:00 level=INFO msg="ignoring file event" service=watcher path=/Users/michaelcuneo/Desktop/markdown-editor/src/lib/editor/MarkdownEditor.svelte op=CHMOD
time=2026-04-10T16:19:30.673+10:00 level=INFO msg="file event" service=watcher path=/Users/michaelcuneo/Desktop/markdown-editor/src/lib/editor/MarkdownEditor.svelte op=WRITE
time=2026-04-10T16:19:30.673+10:00 level=INFO msg="checking if code needs to be rebuilt" service=aws.function file=/Users/michaelcuneo/Desktop/markdown-editor/src/lib/editor/MarkdownEditor.svelte
time=2026-04-10T16:19:30.673+10:00 level=INFO msg="waiting for trigger" service=deployer
time=2026-04-10T16:19:35.824+10:00 level=INFO msg="ignoring file event" service=watcher path=/Users/michaelcuneo/Desktop/markdown-editor/src/lib/editor/MarkdownEditor.svelte op=CHMOD
time=2026-04-10T16:19:35.824+10:00 level=INFO msg="file event" service=watcher path=/Users/michaelcuneo/Desktop/markdown-editor/src/lib/editor/MarkdownEditor.svelte op=WRITE
time=2026-04-10T16:19:35.824+10:00 level=INFO msg="waiting for trigger" service=deployer
time=2026-04-10T16:19:35.824+10:00 level=INFO msg="checking if code needs to be rebuilt" service=aws.function file=/Users/michaelcuneo/Desktop/markdown-editor/src/lib/editor/MarkdownEditor.svelte
time=2026-04-10T16:19:49.278+10:00 level=INFO msg="ignoring file event" service=watcher path=/Users/michaelcuneo/Desktop/markdown-editor/src/lib/editor/MarkdownEditor.svelte op=CHMOD
time=2026-04-10T16:19:49.279+10:00 level=INFO msg="file event" service=watcher path=/Users/michaelcuneo/Desktop/markdown-editor/src/lib/editor/MarkdownEditor.svelte op=WRITE
time=2026-04-10T16:19:49.279+10:00 level=INFO msg="checking if code needs to be rebuilt" service=aws.function file=/Users/michaelcuneo/Desktop/markdown-editor/src/lib/editor/MarkdownEditor.svelte
time=2026-04-10T16:19:49.279+10:00 level=INFO msg="waiting for trigger" service=deployer
time=2026-04-10T16:19:51.747+10:00 level=INFO msg="ignoring file event" service=watcher path=/Users/michaelcuneo/Desktop/markdown-editor/src/lib/editor/MarkdownEditor.svelte op=CHMOD
time=2026-04-10T16:19:51.747+10:00 level=INFO msg="file event" service=watcher path=/Users/michaelcuneo/Desktop/markdown-editor/src/lib/editor/MarkdownEditor.svelte op=WRITE
time=2026-04-10T16:19:51.747+10:00 level=INFO msg="waiting for trigger" service=deployer
time=2026-04-10T16:19:51.747+10:00 level=INFO msg="checking if code needs to be rebuilt" service=aws.function file=/Users/michaelcuneo/Desktop/markdown-editor/src/lib/editor/MarkdownEditor.svelte
time=2026-04-10T16:20:03.545+10:00 level=INFO msg="ignoring file event" service=watcher path=/Users/michaelcuneo/Desktop/markdown-editor/src/lib/editor/MarkdownEditor.svelte op=CHMOD
time=2026-04-10T16:20:04.942+10:00 level=INFO msg=interrupted
time=2026-04-10T16:20:04.942+10:00 level=INFO msg=done service=watcher
time=2026-04-10T16:20:04.942+10:00 level=INFO msg=done service=dev
time=2026-04-10T16:20:04.942+10:00 level=INFO msg=done service=aws.task
time=2026-04-10T16:20:04.942+10:00 level=INFO msg=done service=deployer
time=2026-04-10T16:20:04.942+10:00 level=INFO msg="shutting down server" service=server
time=2026-04-10T16:20:04.942+10:00 level=INFO msg="INFO connection closed service=appsync.connection"
time=2026-04-10T16:20:04.943+10:00 level=INFO msg="server done" service=server
time=2026-04-10T16:20:04.943+10:00 level=INFO msg="done mosaic" err=<nil>
time=2026-04-10T16:20:04.944+10:00 level=INFO msg="killing process" pid=90515
time=2026-04-10T16:20:04.944+10:00 level=INFO msg="killing process" pid=90514
time=2026-04-10T16:20:04.944+10:00 level=INFO msg="sent signal to process group" pid=90515 signal=terminated
time=2026-04-10T16:20:04.944+10:00 level=INFO msg="sent signal to process group" pid=90514 signal=terminated
time=2026-04-10T16:20:04.944+10:00 level=INFO msg="killing process" pid=90523
time=2026-04-10T16:20:04.944+10:00 level=INFO msg="sent signal to process group" pid=90523 signal=terminated
time=2026-04-10T16:20:05.343+10:00 level=INFO msg="process killed with term" pid=90515
time=2026-04-10T16:20:05.747+10:00 level=INFO msg="process killed with term" pid=90523
time=2026-04-10T16:20:05.747+10:00 level=INFO msg="process killed with term" pid=90514
